[INFO] Scanning for projects...
[INFO] 
[INFO] --------------------------< com.example:demo >--------------------------
[INFO] Building demo 0.0.1-SNAPSHOT
[INFO]   from pom.xml
[INFO] --------------------------------[ jar ]---------------------------------
[INFO] 
[INFO] >>> spring-boot:4.0.6:run (default-cli) > test-compile @ demo >>>
[INFO] 
[INFO] --- resources:3.3.1:resources (default-resources) @ demo ---
[INFO] Copying 1 resource from src\main\resources to target\classes
[INFO] Copying 0 resource from src\main\resources to target\classes
[INFO] 
[INFO] --- compiler:3.14.1:compile (default-compile) @ demo ---
[INFO] Recompiling the module because of changed source code.
[INFO] Compiling 39 source files with javac [debug parameters release 17] to target\classes
WARNING: A terminally deprecated method in sun.misc.Unsafe has been called
WARNING: sun.misc.Unsafe::objectFieldOffset has been called by lombok.permit.Permit
WARNING: Please consider reporting this to the maintainers of class lombok.permit.Permit
WARNING: sun.misc.Unsafe::objectFieldOffset will be removed in a future release
[INFO] 
[INFO] --- resources:3.3.1:testResources (default-testResources) @ demo ---
[INFO] skip non existing resourceDirectory C:\Users\Administrator\Desktop\mini12306\demo\src\test\resources
[INFO] 
[INFO] --- compiler:3.14.1:testCompile (default-testCompile) @ demo ---
[INFO] Recompiling the module because of changed dependency.
[INFO] Compiling 5 source files with javac [debug parameters release 17] to target\test-classes
[INFO] 
[INFO] <<< spring-boot:4.0.6:run (default-cli) < test-compile @ demo <<<
[INFO] 
[INFO] 
[INFO] --- spring-boot:4.0.6:run (default-cli) @ demo ---
[INFO] Attaching agents: []

  .   ____          _            __ _ _
 /\\ / ___'_ __ _ _(_)_ __  __ _ \ \ \ \
( ( )\___ | '_ | '_| | '_ \/ _` | \ \ \ \
 \\/  ___)| |_)| | | | | || (_| |  ) ) ) )
  '  |____| .__|_| |_|_| |_\__, | / / / /
 =========|_|==============|___/=/_/_/_/

 :: Spring Boot ::                (v4.0.6)

2026-06-12T16:07:17.615+08:00  INFO 73748 --- [demo] [  restartedMain] com.example.demo.DemoApplication         : Starting DemoApplication using Java 24.0.2 with PID 73748 (C:\Users\Administrator\Desktop\mini12306\demo\target\classes started by Administrator in C:\Users\Administrator\Desktop\mini12306\demo)
2026-06-12T16:07:17.619+08:00  INFO 73748 --- [demo] [  restartedMain] com.example.demo.DemoApplication         : No active profile set, falling back to 1 default profile: "default"
2026-06-12T16:07:17.691+08:00  INFO 73748 --- [demo] [  restartedMain] .e.DevToolsPropertyDefaultsPostProcessor : Devtools property defaults active! Set 'spring.devtools.add-properties' to 'false' to disable
2026-06-12T16:07:17.692+08:00  INFO 73748 --- [demo] [  restartedMain] .e.DevToolsPropertyDefaultsPostProcessor : For additional web related logging consider setting the 'logging.level.web' property to 'DEBUG'
2026-06-12T16:07:18.368+08:00  INFO 73748 --- [demo] [  restartedMain] .s.d.r.c.RepositoryConfigurationDelegate : Bootstrapping Spring Data JPA repositories in DEFAULT mode.
2026-06-12T16:07:18.439+08:00  INFO 73748 --- [demo] [  restartedMain] .s.d.r.c.RepositoryConfigurationDelegate : Finished Spring Data repository scanning in 60 ms. Found 6 JPA repository interfaces.
2026-06-12T16:07:19.158+08:00  INFO 73748 --- [demo] [  restartedMain] o.s.boot.tomcat.TomcatWebServer          : Tomcat initialized with port 8080 (http)
2026-06-12T16:07:19.175+08:00  INFO 73748 --- [demo] [  restartedMain] o.apache.catalina.core.StandardService   : Starting service [Tomcat]
2026-06-12T16:07:19.175+08:00  INFO 73748 --- [demo] [  restartedMain] o.apache.catalina.core.StandardEngine    : Starting Servlet engine: [Apache Tomcat/11.0.21]
2026-06-12T16:07:19.225+08:00  INFO 73748 --- [demo] [  restartedMain] b.w.c.s.WebApplicationContextInitializer : Root WebApplicationContext: initialization completed in 1533 ms
2026-06-12T16:07:19.397+08:00  INFO 73748 --- [demo] [  restartedMain] org.hibernate.orm.jpa                    : HHH008540: Processing PersistenceUnitInfo [name: default]
2026-06-12T16:07:19.456+08:00  INFO 73748 --- [demo] [  restartedMain] org.hibernate.orm.core                   : HHH000001: Hibernate ORM core version 7.2.12.Final
2026-06-12T16:07:19.960+08:00  INFO 73748 --- [demo] [  restartedMain] o.s.o.j.p.SpringPersistenceUnitInfo      : No LoadTimeWeaver setup: ignoring JPA class transformer
2026-06-12T16:07:19.996+08:00  INFO 73748 --- [demo] [  restartedMain] com.zaxxer.hikari.HikariDataSource       : HikariPool-1 - Starting...
2026-06-12T16:07:20.175+08:00  INFO 73748 --- [demo] [  restartedMain] com.zaxxer.hikari.pool.HikariPool        : HikariPool-1 - Added connection com.mysql.cj.jdbc.ConnectionImpl@199e170c
2026-06-12T16:07:20.177+08:00  INFO 73748 --- [demo] [  restartedMain] com.zaxxer.hikari.HikariDataSource       : HikariPool-1 - Start completed.
2026-06-12T16:07:20.264+08:00  INFO 73748 --- [demo] [  restartedMain] org.hibernate.orm.connections.pooling    : HHH10001005: Database info:
	Database JDBC URL [jdbc:mysql://localhost:3306/mini12306?useSSL=false&serverTimezone=Asia/Shanghai&allowPublicKeyRetrieval=true&characterEncoding=UTF-8]
	Database driver: MySQL Connector/J
	Database dialect: MySQLDialect
	Database version: 9.6
	Default catalog/schema: mini12306/undefined
	Autocommit mode: undefined/unknown
	Isolation level: REPEATABLE_READ [default REPEATABLE_READ]
	JDBC fetch size: none
	Pool: DataSourceConnectionProvider
	Minimum pool size: undefined/unknown
	Maximum pool size: undefined/unknown
2026-06-12T16:07:21.238+08:00  INFO 73748 --- [demo] [  restartedMain] org.hibernate.orm.core                   : HHH000489: No JTA platform available (set 'hibernate.transaction.jta.platform' to enable JTA platform integration)
2026-06-12T16:07:21.303+08:00  INFO 73748 --- [demo] [  restartedMain] j.LocalContainerEntityManagerFactoryBean : Initialized JPA EntityManagerFactory for persistence unit 'default'
2026-06-12T16:07:21.376+08:00  INFO 73748 --- [demo] [  restartedMain] o.s.d.j.r.query.QueryEnhancerFactories   : Hibernate is in classpath; If applicable, HQL parser will be used.
Hibernate: 
    select
        u1_0.id,
        u1_0.create_time,
        u1_0.id_card,
        u1_0.password,
        u1_0.phone,
        u1_0.real_name,
        u1_0.role,
        u1_0.username 
    from
        users u1_0 
    where
        u1_0.username=?
Hibernate: 
    select
        u1_0.id,
        u1_0.create_time,
        u1_0.id_card,
        u1_0.password,
        u1_0.phone,
        u1_0.real_name,
        u1_0.role,
        u1_0.username 
    from
        users u1_0 
    where
        u1_0.username=?
Hibernate: 
    select
        count(*) 
    from
        trains t1_0
2026-06-12T16:07:22.594+08:00  INFO 73748 --- [demo] [  restartedMain] o.s.boot.tomcat.TomcatWebServer          : Tomcat started on port 8080 (http) with context path '/'
2026-06-12T16:07:22.600+08:00  INFO 73748 --- [demo] [  restartedMain] com.example.demo.DemoApplication         : Started DemoApplication in 5.486 seconds (process running for 6.093)
2026-06-12T16:07:31.434+08:00  INFO 73748 --- [demo] [nio-8080-exec-1] o.a.c.c.C.[Tomcat].[localhost].[/]       : Initializing Spring DispatcherServlet 'dispatcherServlet'
2026-06-12T16:07:31.435+08:00  INFO 73748 --- [demo] [nio-8080-exec-1] o.s.web.servlet.DispatcherServlet        : Initializing Servlet 'dispatcherServlet'
2026-06-12T16:07:31.436+08:00  INFO 73748 --- [demo] [nio-8080-exec-1] o.s.web.servlet.DispatcherServlet        : Completed initialization in 1 ms
Hibernate: 
    select
        o1_0.id,
        o1_0.create_time,
        o1_0.order_no,
        o1_0.passenger_id,
        o1_0.pay_time,
        o1_0.pay_trade_no,
        o1_0.pay_type,
        o1_0.price,
        o1_0.status,
        o1_0.train_id,
        o1_0.user_id 
    from
        orders o1_0 
    where
        o1_0.id=?
Hibernate: 
    select
        t1_0.id,
        t1_0.arrival_time,
        t1_0.available_seats,
        t1_0.departure_time,
        t1_0.end_station,
        t1_0.price,
        t1_0.start_station,
        t1_0.total_seats,
        t1_0.train_number 
    from
        trains t1_0 
    where
        t1_0.id=?
2026-06-12T16:07:31.540+08:00  WARN 73748 --- [demo] [nio-8080-exec-1] .m.m.a.ExceptionHandlerExceptionResolver : Resolved [java.lang.RuntimeException: 仅已出票订单允许改签]
Hibernate: 
    select
        o1_0.id,
        o1_0.create_time,
        o1_0.order_no,
        o1_0.passenger_id,
        o1_0.pay_time,
        o1_0.pay_trade_no,
        o1_0.pay_type,
        o1_0.price,
        o1_0.status,
        o1_0.train_id,
        o1_0.user_id 
    from
        orders o1_0 
    where
        o1_0.user_id=?
Hibernate: 
    select
        o1_0.id,
        o1_0.create_time,
        o1_0.order_no,
        o1_0.passenger_id,
        o1_0.pay_time,
        o1_0.pay_trade_no,
        o1_0.pay_type,
        o1_0.price,
        o1_0.status,
        o1_0.train_id,
        o1_0.user_id 
    from
        orders o1_0 
    where
        o1_0.user_id=?
Hibernate: 
    select
        p1_0.id,
        p1_0.id_card,
        p1_0.name,
        p1_0.phone,
        p1_0.user_id 
    from
        passengers p1_0 
    where
        p1_0.user_id=?
Hibernate: 
    select
        o1_0.id,
        o1_0.create_time,
        o1_0.order_no,
        o1_0.passenger_id,
        o1_0.pay_time,
        o1_0.pay_trade_no,
        o1_0.pay_type,
        o1_0.price,
        o1_0.status,
        o1_0.train_id,
        o1_0.user_id 
    from
        orders o1_0 
    where
        o1_0.id=?
Hibernate: 
    select
        t1_0.id,
        t1_0.arrival_time,
        t1_0.available_seats,
        t1_0.departure_time,
        t1_0.end_station,
        t1_0.price,
        t1_0.start_station,
        t1_0.total_seats,
        t1_0.train_number 
    from
        trains t1_0 
    where
        t1_0.id=?
Hibernate: 
    insert 
    into
        tickets
        (issue_time, order_id, passenger_id, seat_number, seat_type, status, ticket_no) 
    values
        (?, ?, ?, ?, ?, ?, ?)
Hibernate: 
    insert 
    into
        bills
        (amount, bill_no, create_time, description, order_id, status, type, user_id) 
    values
        (?, ?, ?, ?, ?, ?, ?, ?)
Hibernate: 
    update
        orders 
    set
        create_time=?,
        order_no=?,
        passenger_id=?,
        pay_time=?,
        pay_trade_no=?,
        pay_type=?,
        price=?,
        status=?,
        train_id=?,
        user_id=? 
    where
        id=?
Hibernate: 
    update
        trains 
    set
        arrival_time=?,
        available_seats=?,
        departure_time=?,
        end_station=?,
        price=?,
        start_station=?,
        total_seats=?,
        train_number=? 
    where
        id=?
Hibernate: 
    select
        o1_0.id,
        o1_0.create_time,
        o1_0.order_no,
        o1_0.passenger_id,
        o1_0.pay_time,
        o1_0.pay_trade_no,
        o1_0.pay_type,
        o1_0.price,
        o1_0.status,
        o1_0.train_id,
        o1_0.user_id 
    from
        orders o1_0 
    where
        o1_0.user_id=?
Hibernate: 
    select
        o1_0.id,
        o1_0.create_time,
        o1_0.order_no,
        o1_0.passenger_id,
        o1_0.pay_time,
        o1_0.pay_trade_no,
        o1_0.pay_type,
        o1_0.price,
        o1_0.status,
        o1_0.train_id,
        o1_0.user_id 
    from
        orders o1_0 
    where
        o1_0.id=?
Hibernate: 
    select
        t1_0.id,
        t1_0.arrival_time,
        t1_0.available_seats,
        t1_0.departure_time,
        t1_0.end_station,
        t1_0.price,
        t1_0.start_station,
        t1_0.total_seats,
        t1_0.train_number 
    from
        trains t1_0 
    where
        t1_0.id=?
Hibernate: 
    select
        t1_0.id,
        t1_0.arrival_time,
        t1_0.available_seats,
        t1_0.departure_time,
        t1_0.end_station,
        t1_0.price,
        t1_0.start_station,
        t1_0.total_seats,
        t1_0.train_number 
    from
        trains t1_0 
    where
        t1_0.id=?
Hibernate: 
    insert 
    into
        bills
        (amount, bill_no, create_time, description, order_id, status, type, user_id) 
    values
        (?, ?, ?, ?, ?, ?, ?, ?)
Hibernate: 
    select
        t1_0.id,
        t1_0.issue_time,
        t1_0.order_id,
        t1_0.passenger_id,
        t1_0.seat_number,
        t1_0.seat_type,
        t1_0.status,
        t1_0.ticket_no 
    from
        tickets t1_0 
    where
        t1_0.order_id=?
Hibernate: 
    update
        orders 
    set
        create_time=?,
        order_no=?,
        passenger_id=?,
        pay_time=?,
        pay_trade_no=?,
        pay_type=?,
        price=?,
        status=?,
        train_id=?,
        user_id=? 
    where
        id=?
Hibernate: 
    update
        trains 
    set
        arrival_time=?,
        available_seats=?,
        departure_time=?,
        end_station=?,
        price=?,
        start_station=?,
        total_seats=?,
        train_number=? 
    where
        id=?
Hibernate: 
    update
        trains 
    set
        arrival_time=?,
        available_seats=?,
        departure_time=?,
        end_station=?,
        price=?,
        start_station=?,
        total_seats=?,
        train_number=? 
    where
        id=?
Hibernate: 
    update
        tickets 
    set
        issue_time=?,
        order_id=?,
        passenger_id=?,
        seat_number=?,
        seat_type=?,
        status=?,
        ticket_no=? 
    where
        id=?
Hibernate: 
    select
        t1_0.id,
        t1_0.arrival_time,
        t1_0.available_seats,
        t1_0.departure_time,
        t1_0.end_station,
        t1_0.price,
        t1_0.start_station,
        t1_0.total_seats,
        t1_0.train_number 
    from
        trains t1_0 
    where
        t1_0.departure_time between ? and ?
Hibernate: 
    select
        o1_0.id,
        o1_0.create_time,
        o1_0.order_no,
        o1_0.passenger_id,
        o1_0.pay_time,
        o1_0.pay_trade_no,
        o1_0.pay_type,
        o1_0.price,
        o1_0.status,
        o1_0.train_id,
        o1_0.user_id 
    from
        orders o1_0 
    where
        o1_0.user_id=?
Hibernate: 
    select
        b1_0.id,
        b1_0.amount,
        b1_0.bill_no,
        b1_0.create_time,
        b1_0.description,
        b1_0.order_id,
        b1_0.status,
        b1_0.type,
        b1_0.user_id 
    from
        bills b1_0 
    where
        b1_0.order_id=?
Hibernate: 
    select
        o1_0.id,
        o1_0.create_time,
        o1_0.order_no,
        o1_0.passenger_id,
        o1_0.pay_time,
        o1_0.pay_trade_no,
        o1_0.pay_type,
        o1_0.price,
        o1_0.status,
        o1_0.train_id,
        o1_0.user_id 
    from
        orders o1_0 
    where
        o1_0.id=?
Hibernate: 
    select
        t1_0.id,
        t1_0.arrival_time,
        t1_0.available_seats,
        t1_0.departure_time,
        t1_0.end_station,
        t1_0.price,
        t1_0.start_station,
        t1_0.total_seats,
        t1_0.train_number 
    from
        trains t1_0 
    where
        t1_0.id=?
Hibernate: 
    insert 
    into
        tickets
        (issue_time, order_id, passenger_id, seat_number, seat_type, status, ticket_no) 
    values
        (?, ?, ?, ?, ?, ?, ?)
Hibernate: 
    insert 
    into
        bills
        (amount, bill_no, create_time, description, order_id, status, type, user_id) 
    values
        (?, ?, ?, ?, ?, ?, ?, ?)
Hibernate: 
    update
        orders 
    set
        create_time=?,
        order_no=?,
        passenger_id=?,
        pay_time=?,
        pay_trade_no=?,
        pay_type=?,
        price=?,
        status=?,
        train_id=?,
        user_id=? 
    where
        id=?
Hibernate: 
    update
        trains 
    set
        arrival_time=?,
        available_seats=?,
        departure_time=?,
        end_station=?,
        price=?,
        start_station=?,
        total_seats=?,
        train_number=? 
    where
        id=?
Hibernate: 
    select
        o1_0.id,
        o1_0.create_time,
        o1_0.order_no,
        o1_0.passenger_id,
        o1_0.pay_time,
        o1_0.pay_trade_no,
        o1_0.pay_type,
        o1_0.price,
        o1_0.status,
        o1_0.train_id,
        o1_0.user_id 
    from
        orders o1_0 
    where
        o1_0.user_id=?
Hibernate: 
    select
        o1_0.id,
        o1_0.create_time,
        o1_0.order_no,
        o1_0.passenger_id,
        o1_0.pay_time,
        o1_0.pay_trade_no,
        o1_0.pay_type,
        o1_0.price,
        o1_0.status,
        o1_0.train_id,
        o1_0.user_id 
    from
        orders o1_0 
    where
        o1_0.id=?
Hibernate: 
    select
        t1_0.id,
        t1_0.arrival_time,
        t1_0.available_seats,
        t1_0.departure_time,
        t1_0.end_station,
        t1_0.price,
        t1_0.start_station,
        t1_0.total_seats,
        t1_0.train_number 
    from
        trains t1_0 
    where
        t1_0.id=?
Hibernate: 
    insert 
    into
        tickets
        (issue_time, order_id, passenger_id, seat_number, seat_type, status, ticket_no) 
    values
        (?, ?, ?, ?, ?, ?, ?)
Hibernate: 
    insert 
    into
        bills
        (amount, bill_no, create_time, description, order_id, status, type, user_id) 
    values
        (?, ?, ?, ?, ?, ?, ?, ?)
Hibernate: 
    update
        orders 
    set
        create_time=?,
        order_no=?,
        passenger_id=?,
        pay_time=?,
        pay_trade_no=?,
        pay_type=?,
        price=?,
        status=?,
        train_id=?,
        user_id=? 
    where
        id=?
Hibernate: 
    update
        trains 
    set
        arrival_time=?,
        available_seats=?,
        departure_time=?,
        end_station=?,
        price=?,
        start_station=?,
        total_seats=?,
        train_number=? 
    where
        id=?
Hibernate: 
    select
        o1_0.id,
        o1_0.create_time,
        o1_0.order_no,
        o1_0.passenger_id,
        o1_0.pay_time,
        o1_0.pay_trade_no,
        o1_0.pay_type,
        o1_0.price,
        o1_0.status,
        o1_0.train_id,
        o1_0.user_id 
    from
        orders o1_0 
    where
        o1_0.user_id=?
Hibernate: 
    select
        o1_0.id,
        o1_0.create_time,
        o1_0.order_no,
        o1_0.passenger_id,
        o1_0.pay_time,
        o1_0.pay_trade_no,
        o1_0.pay_type,
        o1_0.price,
        o1_0.status,
        o1_0.train_id,
        o1_0.user_id 
    from
        orders o1_0 
    where
        o1_0.id=?
Hibernate: 
    select
        t1_0.id,
        t1_0.arrival_time,
        t1_0.available_seats,
        t1_0.departure_time,
        t1_0.end_station,
        t1_0.price,
        t1_0.start_station,
        t1_0.total_seats,
        t1_0.train_number 
    from
        trains t1_0 
    where
        t1_0.id=?
Hibernate: 
    select
        t1_0.id,
        t1_0.issue_time,
        t1_0.order_id,
        t1_0.passenger_id,
        t1_0.seat_number,
        t1_0.seat_type,
        t1_0.status,
        t1_0.ticket_no 
    from
        tickets t1_0 
    where
        t1_0.order_id=?
Hibernate: 
    insert 
    into
        bills
        (amount, bill_no, create_time, description, order_id, status, type, user_id) 
    values
        (?, ?, ?, ?, ?, ?, ?, ?)
Hibernate: 
    update
        orders 
    set
        create_time=?,
        order_no=?,
        passenger_id=?,
        pay_time=?,
        pay_trade_no=?,
        pay_type=?,
        price=?,
        status=?,
        train_id=?,
        user_id=? 
    where
        id=?
Hibernate: 
    update
        trains 
    set
        arrival_time=?,
        available_seats=?,
        departure_time=?,
        end_station=?,
        price=?,
        start_station=?,
        total_seats=?,
        train_number=? 
    where
        id=?
Hibernate: 
    update
        tickets 
    set
        issue_time=?,
        order_id=?,
        passenger_id=?,
        seat_number=?,
        seat_type=?,
        status=?,
        ticket_no=? 
    where
        id=?
Hibernate: 
    select
        o1_0.id,
        o1_0.create_time,
        o1_0.order_no,
        o1_0.passenger_id,
        o1_0.pay_time,
        o1_0.pay_trade_no,
        o1_0.pay_type,
        o1_0.price,
        o1_0.status,
        o1_0.train_id,
        o1_0.user_id 
    from
        orders o1_0 
    where
        o1_0.user_id=?
Hibernate: 
    select
        o1_0.id,
        o1_0.create_time,
        o1_0.order_no,
        o1_0.passenger_id,
        o1_0.pay_time,
        o1_0.pay_trade_no,
        o1_0.pay_type,
        o1_0.price,
        o1_0.status,
        o1_0.train_id,
        o1_0.user_id 
    from
        orders o1_0 
    where
        o1_0.id=?
Hibernate: 
    select
        t1_0.id,
        t1_0.arrival_time,
        t1_0.available_seats,
        t1_0.departure_time,
        t1_0.end_station,
        t1_0.price,
        t1_0.start_station,
        t1_0.total_seats,
        t1_0.train_number 
    from
        trains t1_0 
    where
        t1_0.id=?
Hibernate: 
    select
        t1_0.id,
        t1_0.arrival_time,
        t1_0.available_seats,
        t1_0.departure_time,
        t1_0.end_station,
        t1_0.price,
        t1_0.start_station,
        t1_0.total_seats,
        t1_0.train_number 
    from
        trains t1_0 
    where
        t1_0.start_station like ? escape '\\' 
        and t1_0.end_station like ? escape '\\'
Hibernate: 
    select
        o1_0.id,
        o1_0.create_time,
        o1_0.order_no,
        o1_0.passenger_id,
        o1_0.pay_time,
        o1_0.pay_trade_no,
        o1_0.pay_type,
        o1_0.price,
        o1_0.status,
        o1_0.train_id,
        o1_0.user_id 
    from
        orders o1_0 
    where
        o1_0.id=?
Hibernate: 
    select
        t1_0.id,
        t1_0.arrival_time,
        t1_0.available_seats,
        t1_0.departure_time,
        t1_0.end_station,
        t1_0.price,
        t1_0.start_station,
        t1_0.total_seats,
        t1_0.train_number 
    from
        trains t1_0 
    where
        t1_0.id=?
Hibernate: 
    select
        t1_0.id,
        t1_0.arrival_time,
        t1_0.available_seats,
        t1_0.departure_time,
        t1_0.end_station,
        t1_0.price,
        t1_0.start_station,
        t1_0.total_seats,
        t1_0.train_number 
    from
        trains t1_0 
    where
        t1_0.id=?
Hibernate: 
    select
        t1_0.id,
        t1_0.issue_time,
        t1_0.order_id,
        t1_0.passenger_id,
        t1_0.seat_number,
        t1_0.seat_type,
        t1_0.status,
        t1_0.ticket_no 
    from
        tickets t1_0 
    where
        t1_0.order_id=?
Hibernate: 
    update
        orders 
    set
        create_time=?,
        order_no=?,
        passenger_id=?,
        pay_time=?,
        pay_trade_no=?,
        pay_type=?,
        price=?,
        status=?,
        train_id=?,
        user_id=? 
    where
        id=?
Hibernate: 
    update
        trains 
    set
        arrival_time=?,
        available_seats=?,
        departure_time=?,
        end_station=?,
        price=?,
        start_station=?,
        total_seats=?,
        train_number=? 
    where
        id=?
Hibernate: 
    update
        trains 
    set
        arrival_time=?,
        available_seats=?,
        departure_time=?,
        end_station=?,
        price=?,
        start_station=?,
        total_seats=?,
        train_number=? 
    where
        id=?
Hibernate: 
    update
        tickets 
    set
        issue_time=?,
        order_id=?,
        passenger_id=?,
        seat_number=?,
        seat_type=?,
        status=?,
        ticket_no=? 
    where
        id=?
Hibernate: 
    select
        o1_0.id,
        o1_0.create_time,
        o1_0.order_no,
        o1_0.passenger_id,
        o1_0.pay_time,
        o1_0.pay_trade_no,
        o1_0.pay_type,
        o1_0.price,
        o1_0.status,
        o1_0.train_id,
        o1_0.user_id 
    from
        orders o1_0 
    where
        o1_0.user_id=?
Hibernate: 
    select
        o1_0.id,
        o1_0.create_time,
        o1_0.order_no,
        o1_0.passenger_id,
        o1_0.pay_time,
        o1_0.pay_trade_no,
        o1_0.pay_type,
        o1_0.price,
        o1_0.status,
        o1_0.train_id,
        o1_0.user_id 
    from
        orders o1_0 
    where
        o1_0.user_id=?
Hibernate: 
    select
        o1_0.id,
        o1_0.create_time,
        o1_0.order_no,
        o1_0.passenger_id,
        o1_0.pay_time,
        o1_0.pay_trade_no,
        o1_0.pay_type,
        o1_0.price,
        o1_0.status,
        o1_0.train_id,
        o1_0.user_id 
    from
        orders o1_0 
    where
        o1_0.user_id=?
Hibernate: 
    select
        o1_0.id,
        o1_0.create_time,
        o1_0.order_no,
        o1_0.passenger_id,
        o1_0.pay_time,
        o1_0.pay_trade_no,
        o1_0.pay_type,
        o1_0.price,
        o1_0.status,
        o1_0.train_id,
        o1_0.user_id 
    from
        orders o1_0 
    where
        o1_0.user_id=?
Hibernate: 
    select
        o1_0.id,
        o1_0.create_time,
        o1_0.order_no,
        o1_0.passenger_id,
        o1_0.pay_time,
        o1_0.pay_trade_no,
        o1_0.pay_type,
        o1_0.price,
        o1_0.status,
        o1_0.train_id,
        o1_0.user_id 
    from
        orders o1_0 
    where
        o1_0.user_id=?
Hibernate: 
    select
        o1_0.id,
        o1_0.create_time,
        o1_0.order_no,
        o1_0.passenger_id,
        o1_0.pay_time,
        o1_0.pay_trade_no,
        o1_0.pay_type,
        o1_0.price,
        o1_0.status,
        o1_0.train_id,
        o1_0.user_id 
    from
        orders o1_0 
    where
        o1_0.user_id=?
Hibernate: 
    select
        o1_0.id,
        o1_0.create_time,
        o1_0.order_no,
        o1_0.passenger_id,
        o1_0.pay_time,
        o1_0.pay_trade_no,
        o1_0.pay_type,
        o1_0.price,
        o1_0.status,
        o1_0.train_id,
        o1_0.user_id 
    from
        orders o1_0 
    where
        o1_0.user_id=?
Hibernate: 
    select
        o1_0.id,
        o1_0.create_time,
        o1_0.order_no,
        o1_0.passenger_id,
        o1_0.pay_time,
        o1_0.pay_trade_no,
        o1_0.pay_type,
        o1_0.price,
        o1_0.status,
        o1_0.train_id,
        o1_0.user_id 
    from
        orders o1_0 
    where
        o1_0.user_id=?
Hibernate: 
    select
        p1_0.id,
        p1_0.id_card,
        p1_0.name,
        p1_0.phone,
        p1_0.user_id 
    from
        passengers p1_0 
    where
        p1_0.user_id=?
Hibernate: 
    select
        u1_0.id,
        u1_0.create_time,
        u1_0.id_card,
        u1_0.password,
        u1_0.phone,
        u1_0.real_name,
        u1_0.role,
        u1_0.username 
    from
        users u1_0 
    where
        u1_0.id=?
Hibernate: 
    select
        p1_0.id,
        p1_0.id_card,
        p1_0.name,
        p1_0.phone,
        p1_0.user_id 
    from
        passengers p1_0 
    where
        p1_0.user_id=?
Hibernate: 
    select
        u1_0.id,
        u1_0.create_time,
        u1_0.id_card,
        u1_0.password,
        u1_0.phone,
        u1_0.real_name,
        u1_0.role,
        u1_0.username 
    from
        users u1_0 
    where
        u1_0.id=?
Hibernate: 
    select
        o1_0.id,
        o1_0.create_time,
        o1_0.order_no,
        o1_0.passenger_id,
        o1_0.pay_time,
        o1_0.pay_trade_no,
        o1_0.pay_type,
        o1_0.price,
        o1_0.status,
        o1_0.train_id,
        o1_0.user_id 
    from
        orders o1_0 
    where
        o1_0.user_id=?
Hibernate: 
    select
        t1_0.id,
        t1_0.arrival_time,
        t1_0.available_seats,
        t1_0.departure_time,
        t1_0.end_station,
        t1_0.price,
        t1_0.start_station,
        t1_0.total_seats,
        t1_0.train_number 
    from
        trains t1_0 
    where
        t1_0.id=?
Hibernate: 
    select
        t1_0.id,
        t1_0.arrival_time,
        t1_0.available_seats,
        t1_0.departure_time,
        t1_0.end_station,
        t1_0.price,
        t1_0.start_station,
        t1_0.total_seats,
        t1_0.train_number 
    from
        trains t1_0 
    where
        t1_0.id=?
Hibernate: 
    select
        t1_0.id,
        t1_0.arrival_time,
        t1_0.available_seats,
        t1_0.departure_time,
        t1_0.end_station,
        t1_0.price,
        t1_0.start_station,
        t1_0.total_seats,
        t1_0.train_number 
    from
        trains t1_0 
    where
        t1_0.id=?
Hibernate: 
    select
        t1_0.id,
        t1_0.arrival_time,
        t1_0.available_seats,
        t1_0.departure_time,
        t1_0.end_station,
        t1_0.price,
        t1_0.start_station,
        t1_0.total_seats,
        t1_0.train_number 
    from
        trains t1_0 
    where
        t1_0.id=?
Hibernate: 
    select
        t1_0.id,
        t1_0.arrival_time,
        t1_0.available_seats,
        t1_0.departure_time,
        t1_0.end_station,
        t1_0.price,
        t1_0.start_station,
        t1_0.total_seats,
        t1_0.train_number 
    from
        trains t1_0 
    where
        t1_0.id=?
Hibernate: 
    select
        t1_0.id,
        t1_0.arrival_time,
        t1_0.available_seats,
        t1_0.departure_time,
        t1_0.end_station,
        t1_0.price,
        t1_0.start_station,
        t1_0.total_seats,
        t1_0.train_number 
    from
        trains t1_0 
    where
        t1_0.id=?
Hibernate: 
    select
        t1_0.id,
        t1_0.arrival_time,
        t1_0.available_seats,
        t1_0.departure_time,
        t1_0.end_station,
        t1_0.price,
        t1_0.start_station,
        t1_0.total_seats,
        t1_0.train_number 
    from
        trains t1_0 
    where
        t1_0.id=?
Hibernate: 
    select
        t1_0.id,
        t1_0.arrival_time,
        t1_0.available_seats,
        t1_0.departure_time,
        t1_0.end_station,
        t1_0.price,
        t1_0.start_station,
        t1_0.total_seats,
        t1_0.train_number 
    from
        trains t1_0 
    where
        t1_0.id=?
Hibernate: 
    select
        t1_0.id,
        t1_0.arrival_time,
        t1_0.available_seats,
        t1_0.departure_time,
        t1_0.end_station,
        t1_0.price,
        t1_0.start_station,
        t1_0.total_seats,
        t1_0.train_number 
    from
        trains t1_0 
    where
        t1_0.id=?
Hibernate: 
    select
        t1_0.id,
        t1_0.arrival_time,
        t1_0.available_seats,
        t1_0.departure_time,
        t1_0.end_station,
        t1_0.price,
        t1_0.start_station,
        t1_0.total_seats,
        t1_0.train_number 
    from
        trains t1_0 
    where
        t1_0.id=?
Hibernate: 
    select
        t1_0.id,
        t1_0.arrival_time,
        t1_0.available_seats,
        t1_0.departure_time,
        t1_0.end_station,
        t1_0.price,
        t1_0.start_station,
        t1_0.total_seats,
        t1_0.train_number 
    from
        trains t1_0 
    where
        t1_0.id=?
Hibernate: 
    select
        t1_0.id,
        t1_0.arrival_time,
        t1_0.available_seats,
        t1_0.departure_time,
        t1_0.end_station,
        t1_0.price,
        t1_0.start_station,
        t1_0.total_seats,
        t1_0.train_number 
    from
        trains t1_0 
    where
        t1_0.id=?
Hibernate: 
    select
        t1_0.id,
        t1_0.arrival_time,
        t1_0.available_seats,
        t1_0.departure_time,
        t1_0.end_station,
        t1_0.price,
        t1_0.start_station,
        t1_0.total_seats,
        t1_0.train_number 
    from
        trains t1_0 
    where
        t1_0.id=?
Hibernate: 
    select
        t1_0.id,
        t1_0.arrival_time,
        t1_0.available_seats,
        t1_0.departure_time,
        t1_0.end_station,
        t1_0.price,
        t1_0.start_station,
        t1_0.total_seats,
        t1_0.train_number 
    from
        trains t1_0 
    where
        t1_0.id=?
Hibernate: 
    select
        t1_0.id,
        t1_0.arrival_time,
        t1_0.available_seats,
        t1_0.departure_time,
        t1_0.end_station,
        t1_0.price,
        t1_0.start_station,
        t1_0.total_seats,
        t1_0.train_number 
    from
        trains t1_0 
    where
        t1_0.id=?
Hibernate: 
    select
        p1_0.id,
        p1_0.id_card,
        p1_0.name,
        p1_0.phone,
        p1_0.user_id 
    from
        passengers p1_0 
    where
        p1_0.id=?
Hibernate: 
    select
        t1_0.id,
        t1_0.arrival_time,
        t1_0.available_seats,
        t1_0.departure_time,
        t1_0.end_station,
        t1_0.price,
        t1_0.start_station,
        t1_0.total_seats,
        t1_0.train_number 
    from
        trains t1_0 
    where
        t1_0.id=?
Hibernate: 
    select
        t1_0.id,
        t1_0.arrival_time,
        t1_0.available_seats,
        t1_0.departure_time,
        t1_0.end_station,
        t1_0.price,
        t1_0.start_station,
        t1_0.total_seats,
        t1_0.train_number 
    from
        trains t1_0
Hibernate: 
    select
        o1_0.id,
        o1_0.create_time,
        o1_0.order_no,
        o1_0.passenger_id,
        o1_0.pay_time,
        o1_0.pay_trade_no,
        o1_0.pay_type,
        o1_0.price,
        o1_0.status,
        o1_0.train_id,
        o1_0.user_id 
    from
        orders o1_0 
    where
        o1_0.id=?
Hibernate: 
    select
        t1_0.id,
        t1_0.arrival_time,
        t1_0.available_seats,
        t1_0.departure_time,
        t1_0.end_station,
        t1_0.price,
        t1_0.start_station,
        t1_0.total_seats,
        t1_0.train_number 
    from
        trains t1_0 
    where
        t1_0.id=?
Hibernate: 
    select
        t1_0.id,
        t1_0.arrival_time,
        t1_0.available_seats,
        t1_0.departure_time,
        t1_0.end_station,
        t1_0.price,
        t1_0.start_station,
        t1_0.total_seats,
        t1_0.train_number 
    from
        trains t1_0 
    where
        t1_0.id=?
Hibernate: 
    select
        t1_0.id,
        t1_0.issue_time,
        t1_0.order_id,
        t1_0.passenger_id,
        t1_0.seat_number,
        t1_0.seat_type,
        t1_0.status,
        t1_0.ticket_no 
    from
        tickets t1_0 
    where
        t1_0.order_id=?
Hibernate: 
    update
        orders 
    set
        create_time=?,
        order_no=?,
        passenger_id=?,
        pay_time=?,
        pay_trade_no=?,
        pay_type=?,
        price=?,
        status=?,
        train_id=?,
        user_id=? 
    where
        id=?
Hibernate: 
    update
        trains 
    set
        arrival_time=?,
        available_seats=?,
        departure_time=?,
        end_station=?,
        price=?,
        start_station=?,
        total_seats=?,
        train_number=? 
    where
        id=?
Hibernate: 
    update
        trains 
    set
        arrival_time=?,
        available_seats=?,
        departure_time=?,
        end_station=?,
        price=?,
        start_station=?,
        total_seats=?,
        train_number=? 
    where
        id=?
Hibernate: 
    update
        tickets 
    set
        issue_time=?,
        order_id=?,
        passenger_id=?,
        seat_number=?,
        seat_type=?,
        status=?,
        ticket_no=? 
    where
        id=?
Hibernate: 
    select
        o1_0.id,
        o1_0.create_time,
        o1_0.order_no,
        o1_0.passenger_id,
        o1_0.pay_time,
        o1_0.pay_trade_no,
        o1_0.pay_type,
        o1_0.price,
        o1_0.status,
        o1_0.train_id,
        o1_0.user_id 
    from
        orders o1_0 
    where
        o1_0.user_id=?
Hibernate: 
    select
        t1_0.id,
        t1_0.arrival_time,
        t1_0.available_seats,
        t1_0.departure_time,
        t1_0.end_station,
        t1_0.price,
        t1_0.start_station,
        t1_0.total_seats,
        t1_0.train_number 
    from
        trains t1_0 
    where
        t1_0.id=?
Hibernate: 
    select
        t1_0.id,
        t1_0.arrival_time,
        t1_0.available_seats,
        t1_0.departure_time,
        t1_0.end_station,
        t1_0.price,
        t1_0.start_station,
        t1_0.total_seats,
        t1_0.train_number 
    from
        trains t1_0 
    where
        t1_0.id=?
Hibernate: 
    select
        t1_0.id,
        t1_0.arrival_time,
        t1_0.available_seats,
        t1_0.departure_time,
        t1_0.end_station,
        t1_0.price,
        t1_0.start_station,
        t1_0.total_seats,
        t1_0.train_number 
    from
        trains t1_0 
    where
        t1_0.id=?
Hibernate: 
    select
        t1_0.id,
        t1_0.arrival_time,
        t1_0.available_seats,
        t1_0.departure_time,
        t1_0.end_station,
        t1_0.price,
        t1_0.start_station,
        t1_0.total_seats,
        t1_0.train_number 
    from
        trains t1_0 
    where
        t1_0.id=?
Hibernate: 
    select
        t1_0.id,
        t1_0.arrival_time,
        t1_0.available_seats,
        t1_0.departure_time,
        t1_0.end_station,
        t1_0.price,
        t1_0.start_station,
        t1_0.total_seats,
        t1_0.train_number 
    from
        trains t1_0 
    where
        t1_0.id=?
Hibernate: 
    select
        t1_0.id,
        t1_0.arrival_time,
        t1_0.available_seats,
        t1_0.departure_time,
        t1_0.end_station,
        t1_0.price,
        t1_0.start_station,
        t1_0.total_seats,
        t1_0.train_number 
    from
        trains t1_0 
    where
        t1_0.id=?
Hibernate: 
    select
        t1_0.id,
        t1_0.arrival_time,
        t1_0.available_seats,
        t1_0.departure_time,
        t1_0.end_station,
        t1_0.price,
        t1_0.start_station,
        t1_0.total_seats,
        t1_0.train_number 
    from
        trains t1_0 
    where
        t1_0.id=?
Hibernate: 
    select
        t1_0.id,
        t1_0.arrival_time,
        t1_0.available_seats,
        t1_0.departure_time,
        t1_0.end_station,
        t1_0.price,
        t1_0.start_station,
        t1_0.total_seats,
        t1_0.train_number 
    from
        trains t1_0 
    where
        t1_0.id=?
Hibernate: 
    select
        t1_0.id,
        t1_0.arrival_time,
        t1_0.available_seats,
        t1_0.departure_time,
        t1_0.end_station,
        t1_0.price,
        t1_0.start_station,
        t1_0.total_seats,
        t1_0.train_number 
    from
        trains t1_0 
    where
        t1_0.id=?
Hibernate: 
    select
        t1_0.id,
        t1_0.arrival_time,
        t1_0.available_seats,
        t1_0.departure_time,
        t1_0.end_station,
        t1_0.price,
        t1_0.start_station,
        t1_0.total_seats,
        t1_0.train_number 
    from
        trains t1_0 
    where
        t1_0.id=?
Hibernate: 
    select
        t1_0.id,
        t1_0.arrival_time,
        t1_0.available_seats,
        t1_0.departure_time,
        t1_0.end_station,
        t1_0.price,
        t1_0.start_station,
        t1_0.total_seats,
        t1_0.train_number 
    from
        trains t1_0 
    where
        t1_0.id=?
Hibernate: 
    select
        t1_0.id,
        t1_0.arrival_time,
        t1_0.available_seats,
        t1_0.departure_time,
        t1_0.end_station,
        t1_0.price,
        t1_0.start_station,
        t1_0.total_seats,
        t1_0.train_number 
    from
        trains t1_0 
    where
        t1_0.id=?
Hibernate: 
    select
        t1_0.id,
        t1_0.arrival_time,
        t1_0.available_seats,
        t1_0.departure_time,
        t1_0.end_station,
        t1_0.price,
        t1_0.start_station,
        t1_0.total_seats,
        t1_0.train_number 
    from
        trains t1_0 
    where
        t1_0.id=?
Hibernate: 
    select
        t1_0.id,
        t1_0.arrival_time,
        t1_0.available_seats,
        t1_0.departure_time,
        t1_0.end_station,
        t1_0.price,
        t1_0.start_station,
        t1_0.total_seats,
        t1_0.train_number 
    from
        trains t1_0 
    where
        t1_0.id=?
Hibernate: 
    select
        t1_0.id,
        t1_0.arrival_time,
        t1_0.available_seats,
        t1_0.departure_time,
        t1_0.end_station,
        t1_0.price,
        t1_0.start_station,
        t1_0.total_seats,
        t1_0.train_number 
    from
        trains t1_0 
    where
        t1_0.id=?
Hibernate: 
    select
        t1_0.id,
        t1_0.arrival_time,
        t1_0.available_seats,
        t1_0.departure_time,
        t1_0.end_station,
        t1_0.price,
        t1_0.start_station,
        t1_0.total_seats,
        t1_0.train_number 
    from
        trains t1_0 
    where
        t1_0.id=?
Hibernate: 
    select
        p1_0.id,
        p1_0.id_card,
        p1_0.name,
        p1_0.phone,
        p1_0.user_id 
    from
        passengers p1_0 
    where
        p1_0.id=?
Hibernate: 
    select
        o1_0.id,
        o1_0.create_time,
        o1_0.order_no,
        o1_0.passenger_id,
        o1_0.pay_time,
        o1_0.pay_trade_no,
        o1_0.pay_type,
        o1_0.price,
        o1_0.status,
        o1_0.train_id,
        o1_0.user_id 
    from
        orders o1_0 
    where
        o1_0.id=?
Hibernate: 
    select
        t1_0.id,
        t1_0.arrival_time,
        t1_0.available_seats,
        t1_0.departure_time,
        t1_0.end_station,
        t1_0.price,
        t1_0.start_station,
        t1_0.total_seats,
        t1_0.train_number 
    from
        trains t1_0 
    where
        t1_0.id=?
Hibernate: 
    select
        t1_0.id,
        t1_0.issue_time,
        t1_0.order_id,
        t1_0.passenger_id,
        t1_0.seat_number,
        t1_0.seat_type,
        t1_0.status,
        t1_0.ticket_no 
    from
        tickets t1_0 
    where
        t1_0.order_id=?
Hibernate: 
    insert 
    into
        bills
        (amount, bill_no, create_time, description, order_id, status, type, user_id) 
    values
        (?, ?, ?, ?, ?, ?, ?, ?)
Hibernate: 
    update
        orders 
    set
        create_time=?,
        order_no=?,
        passenger_id=?,
        pay_time=?,
        pay_trade_no=?,
        pay_type=?,
        price=?,
        status=?,
        train_id=?,
        user_id=? 
    where
        id=?
Hibernate: 
    update
        trains 
    set
        arrival_time=?,
        available_seats=?,
        departure_time=?,
        end_station=?,
        price=?,
        start_station=?,
        total_seats=?,
        train_number=? 
    where
        id=?
Hibernate: 
    update
        tickets 
    set
        issue_time=?,
        order_id=?,
        passenger_id=?,
        seat_number=?,
        seat_type=?,
        status=?,
        ticket_no=? 
    where
        id=?
Hibernate: 
    select
        o1_0.id,
        o1_0.create_time,
        o1_0.order_no,
        o1_0.passenger_id,
        o1_0.pay_time,
        o1_0.pay_trade_no,
        o1_0.pay_type,
        o1_0.price,
        o1_0.status,
        o1_0.train_id,
        o1_0.user_id 
    from
        orders o1_0 
    where
        o1_0.user_id=?
Hibernate: 
    select
        t1_0.id,
        t1_0.arrival_time,
        t1_0.available_seats,
        t1_0.departure_time,
        t1_0.end_station,
        t1_0.price,
        t1_0.start_station,
        t1_0.total_seats,
        t1_0.train_number 
    from
        trains t1_0 
    where
        t1_0.id=?
Hibernate: 
    select
        t1_0.id,
        t1_0.arrival_time,
        t1_0.available_seats,
        t1_0.departure_time,
        t1_0.end_station,
        t1_0.price,
        t1_0.start_station,
        t1_0.total_seats,
        t1_0.train_number 
    from
        trains t1_0 
    where
        t1_0.id=?
Hibernate: 
    select
        t1_0.id,
        t1_0.arrival_time,
        t1_0.available_seats,
        t1_0.departure_time,
        t1_0.end_station,
        t1_0.price,
        t1_0.start_station,
        t1_0.total_seats,
        t1_0.train_number 
    from
        trains t1_0 
    where
        t1_0.id=?
Hibernate: 
    select
        t1_0.id,
        t1_0.arrival_time,
        t1_0.available_seats,
        t1_0.departure_time,
        t1_0.end_station,
        t1_0.price,
        t1_0.start_station,
        t1_0.total_seats,
        t1_0.train_number 
    from
        trains t1_0 
    where
        t1_0.id=?
Hibernate: 
    select
        t1_0.id,
        t1_0.arrival_time,
        t1_0.available_seats,
        t1_0.departure_time,
        t1_0.end_station,
        t1_0.price,
        t1_0.start_station,
        t1_0.total_seats,
        t1_0.train_number 
    from
        trains t1_0 
    where
        t1_0.id=?
Hibernate: 
    select
        t1_0.id,
        t1_0.arrival_time,
        t1_0.available_seats,
        t1_0.departure_time,
        t1_0.end_station,
        t1_0.price,
        t1_0.start_station,
        t1_0.total_seats,
        t1_0.train_number 
    from
        trains t1_0 
    where
        t1_0.id=?
Hibernate: 
    select
        t1_0.id,
        t1_0.arrival_time,
        t1_0.available_seats,
        t1_0.departure_time,
        t1_0.end_station,
        t1_0.price,
        t1_0.start_station,
        t1_0.total_seats,
        t1_0.train_number 
    from
        trains t1_0 
    where
        t1_0.id=?
Hibernate: 
    select
        t1_0.id,
        t1_0.arrival_time,
        t1_0.available_seats,
        t1_0.departure_time,
        t1_0.end_station,
        t1_0.price,
        t1_0.start_station,
        t1_0.total_seats,
        t1_0.train_number 
    from
        trains t1_0 
    where
        t1_0.id=?
Hibernate: 
    select
        t1_0.id,
        t1_0.arrival_time,
        t1_0.available_seats,
        t1_0.departure_time,
        t1_0.end_station,
        t1_0.price,
        t1_0.start_station,
        t1_0.total_seats,
        t1_0.train_number 
    from
        trains t1_0 
    where
        t1_0.id=?
Hibernate: 
    select
        t1_0.id,
        t1_0.arrival_time,
        t1_0.available_seats,
        t1_0.departure_time,
        t1_0.end_station,
        t1_0.price,
        t1_0.start_station,
        t1_0.total_seats,
        t1_0.train_number 
    from
        trains t1_0 
    where
        t1_0.id=?
Hibernate: 
    select
        t1_0.id,
        t1_0.arrival_time,
        t1_0.available_seats,
        t1_0.departure_time,
        t1_0.end_station,
        t1_0.price,
        t1_0.start_station,
        t1_0.total_seats,
        t1_0.train_number 
    from
        trains t1_0 
    where
        t1_0.id=?
Hibernate: 
    select
        t1_0.id,
        t1_0.arrival_time,
        t1_0.available_seats,
        t1_0.departure_time,
        t1_0.end_station,
        t1_0.price,
        t1_0.start_station,
        t1_0.total_seats,
        t1_0.train_number 
    from
        trains t1_0 
    where
        t1_0.id=?
Hibernate: 
    select
        t1_0.id,
        t1_0.arrival_time,
        t1_0.available_seats,
        t1_0.departure_time,
        t1_0.end_station,
        t1_0.price,
        t1_0.start_station,
        t1_0.total_seats,
        t1_0.train_number 
    from
        trains t1_0 
    where
        t1_0.id=?
Hibernate: 
    select
        t1_0.id,
        t1_0.arrival_time,
        t1_0.available_seats,
        t1_0.departure_time,
        t1_0.end_station,
        t1_0.price,
        t1_0.start_station,
        t1_0.total_seats,
        t1_0.train_number 
    from
        trains t1_0 
    where
        t1_0.id=?
Hibernate: 
    select
        t1_0.id,
        t1_0.arrival_time,
        t1_0.available_seats,
        t1_0.departure_time,
        t1_0.end_station,
        t1_0.price,
        t1_0.start_station,
        t1_0.total_seats,
        t1_0.train_number 
    from
        trains t1_0 
    where
        t1_0.id=?
Hibernate: 
    select
        t1_0.id,
        t1_0.arrival_time,
        t1_0.available_seats,
        t1_0.departure_time,
        t1_0.end_station,
        t1_0.price,
        t1_0.start_station,
        t1_0.total_seats,
        t1_0.train_number 
    from
        trains t1_0 
    where
        t1_0.id=?
Hibernate: 
    select
        p1_0.id,
        p1_0.id_card,
        p1_0.name,
        p1_0.phone,
        p1_0.user_id 
    from
        passengers p1_0 
    where
        p1_0.id=?
Hibernate: 
    select
        t1_0.id,
        t1_0.arrival_time,
        t1_0.available_seats,
        t1_0.departure_time,
        t1_0.end_station,
        t1_0.price,
        t1_0.start_station,
        t1_0.total_seats,
        t1_0.train_number 
    from
        trains t1_0
Hibernate: 
    select
        t1_0.id,
        t1_0.arrival_time,
        t1_0.available_seats,
        t1_0.departure_time,
        t1_0.end_station,
        t1_0.price,
        t1_0.start_station,
        t1_0.total_seats,
        t1_0.train_number 
    from
        trains t1_0 
    where
        t1_0.departure_time between ? and ?
Hibernate: 
    select
        p1_0.id,
        p1_0.id_card,
        p1_0.name,
        p1_0.phone,
        p1_0.user_id 
    from
        passengers p1_0 
    where
        p1_0.user_id=?
Hibernate: 
    select
        t1_0.id,
        t1_0.arrival_time,
        t1_0.available_seats,
        t1_0.departure_time,
        t1_0.end_station,
        t1_0.price,
        t1_0.start_station,
        t1_0.total_seats,
        t1_0.train_number 
    from
        trains t1_0 
    where
        t1_0.id=?
Hibernate: 
    select
        t1_0.id,
        t1_0.arrival_time,
        t1_0.available_seats,
        t1_0.departure_time,
        t1_0.end_station,
        t1_0.price,
        t1_0.start_station,
        t1_0.total_seats,
        t1_0.train_number 
    from
        trains t1_0 
    where
        t1_0.id=?
Hibernate: 
    insert 
    into
        orders
        (create_time, order_no, passenger_id, pay_time, pay_trade_no, pay_type, price, status, train_id, user_id) 
    values
        (?, ?, ?, ?, ?, ?, ?, ?, ?, ?)
Hibernate: 
    insert 
    into
        tickets
        (issue_time, order_id, passenger_id, seat_number, seat_type, status, ticket_no) 
    values
        (?, ?, ?, ?, ?, ?, ?)
Hibernate: 
    insert 
    into
        bills
        (amount, bill_no, create_time, description, order_id, status, type, user_id) 
    values
        (?, ?, ?, ?, ?, ?, ?, ?)
Hibernate: 
    update
        trains 
    set
        arrival_time=?,
        available_seats=?,
        departure_time=?,
        end_station=?,
        price=?,
        start_station=?,
        total_seats=?,
        train_number=? 
    where
        id=?
Hibernate: 
    update
        orders 
    set
        create_time=?,
        order_no=?,
        passenger_id=?,
        pay_time=?,
        pay_trade_no=?,
        pay_type=?,
        price=?,
        status=?,
        train_id=?,
        user_id=? 
    where
        id=?
Hibernate: 
    select
        o1_0.id,
        o1_0.create_time,
        o1_0.order_no,
        o1_0.passenger_id,
        o1_0.pay_time,
        o1_0.pay_trade_no,
        o1_0.pay_type,
        o1_0.price,
        o1_0.status,
        o1_0.train_id,
        o1_0.user_id 
    from
        orders o1_0 
    where
        o1_0.user_id=?
Hibernate: 
    select
        t1_0.id,
        t1_0.arrival_time,
        t1_0.available_seats,
        t1_0.departure_time,
        t1_0.end_station,
        t1_0.price,
        t1_0.start_station,
        t1_0.total_seats,
        t1_0.train_number 
    from
        trains t1_0 
    where
        t1_0.id=?
Hibernate: 
    select
        t1_0.id,
        t1_0.arrival_time,
        t1_0.available_seats,
        t1_0.departure_time,
        t1_0.end_station,
        t1_0.price,
        t1_0.start_station,
        t1_0.total_seats,
        t1_0.train_number 
    from
        trains t1_0 
    where
        t1_0.id=?
Hibernate: 
    select
        t1_0.id,
        t1_0.arrival_time,
        t1_0.available_seats,
        t1_0.departure_time,
        t1_0.end_station,
        t1_0.price,
        t1_0.start_station,
        t1_0.total_seats,
        t1_0.train_number 
    from
        trains t1_0 
    where
        t1_0.id=?
Hibernate: 
    select
        t1_0.id,
        t1_0.arrival_time,
        t1_0.available_seats,
        t1_0.departure_time,
        t1_0.end_station,
        t1_0.price,
        t1_0.start_station,
        t1_0.total_seats,
        t1_0.train_number 
    from
        trains t1_0 
    where
        t1_0.id=?
Hibernate: 
    select
        t1_0.id,
        t1_0.arrival_time,
        t1_0.available_seats,
        t1_0.departure_time,
        t1_0.end_station,
        t1_0.price,
        t1_0.start_station,
        t1_0.total_seats,
        t1_0.train_number 
    from
        trains t1_0 
    where
        t1_0.id=?
Hibernate: 
    select
        t1_0.id,
        t1_0.arrival_time,
        t1_0.available_seats,
        t1_0.departure_time,
        t1_0.end_station,
        t1_0.price,
        t1_0.start_station,
        t1_0.total_seats,
        t1_0.train_number 
    from
        trains t1_0 
    where
        t1_0.id=?
Hibernate: 
    select
        t1_0.id,
        t1_0.arrival_time,
        t1_0.available_seats,
        t1_0.departure_time,
        t1_0.end_station,
        t1_0.price,
        t1_0.start_station,
        t1_0.total_seats,
        t1_0.train_number 
    from
        trains t1_0 
    where
        t1_0.id=?
Hibernate: 
    select
        t1_0.id,
        t1_0.arrival_time,
        t1_0.available_seats,
        t1_0.departure_time,
        t1_0.end_station,
        t1_0.price,
        t1_0.start_station,
        t1_0.total_seats,
        t1_0.train_number 
    from
        trains t1_0 
    where
        t1_0.id=?
Hibernate: 
    select
        t1_0.id,
        t1_0.arrival_time,
        t1_0.available_seats,
        t1_0.departure_time,
        t1_0.end_station,
        t1_0.price,
        t1_0.start_station,
        t1_0.total_seats,
        t1_0.train_number 
    from
        trains t1_0 
    where
        t1_0.id=?
Hibernate: 
    select
        t1_0.id,
        t1_0.arrival_time,
        t1_0.available_seats,
        t1_0.departure_time,
        t1_0.end_station,
        t1_0.price,
        t1_0.start_station,
        t1_0.total_seats,
        t1_0.train_number 
    from
        trains t1_0 
    where
        t1_0.id=?
Hibernate: 
    select
        t1_0.id,
        t1_0.arrival_time,
        t1_0.available_seats,
        t1_0.departure_time,
        t1_0.end_station,
        t1_0.price,
        t1_0.start_station,
        t1_0.total_seats,
        t1_0.train_number 
    from
        trains t1_0 
    where
        t1_0.id=?
Hibernate: 
    select
        t1_0.id,
        t1_0.arrival_time,
        t1_0.available_seats,
        t1_0.departure_time,
        t1_0.end_station,
        t1_0.price,
        t1_0.start_station,
        t1_0.total_seats,
        t1_0.train_number 
    from
        trains t1_0 
    where
        t1_0.id=?
Hibernate: 
    select
        t1_0.id,
        t1_0.arrival_time,
        t1_0.available_seats,
        t1_0.departure_time,
        t1_0.end_station,
        t1_0.price,
        t1_0.start_station,
        t1_0.total_seats,
        t1_0.train_number 
    from
        trains t1_0 
    where
        t1_0.id=?
Hibernate: 
    select
        t1_0.id,
        t1_0.arrival_time,
        t1_0.available_seats,
        t1_0.departure_time,
        t1_0.end_station,
        t1_0.price,
        t1_0.start_station,
        t1_0.total_seats,
        t1_0.train_number 
    from
        trains t1_0 
    where
        t1_0.id=?
Hibernate: 
    select
        t1_0.id,
        t1_0.arrival_time,
        t1_0.available_seats,
        t1_0.departure_time,
        t1_0.end_station,
        t1_0.price,
        t1_0.start_station,
        t1_0.total_seats,
        t1_0.train_number 
    from
        trains t1_0 
    where
        t1_0.id=?
Hibernate: 
    select
        p1_0.id,
        p1_0.id_card,
        p1_0.name,
        p1_0.phone,
        p1_0.user_id 
    from
        passengers p1_0 
    where
        p1_0.id=?
Hibernate: 
    select
        t1_0.id,
        t1_0.arrival_time,
        t1_0.available_seats,
        t1_0.departure_time,
        t1_0.end_station,
        t1_0.price,
        t1_0.start_station,
        t1_0.total_seats,
        t1_0.train_number 
    from
        trains t1_0 
    where
        t1_0.id=?
Hibernate: 
    select
        t1_0.id,
        t1_0.arrival_time,
        t1_0.available_seats,
        t1_0.departure_time,
        t1_0.end_station,
        t1_0.price,
        t1_0.start_station,
        t1_0.total_seats,
        t1_0.train_number 
    from
        trains t1_0 
    where
        t1_0.id=?
Hibernate: 
    select
        p1_0.id,
        p1_0.id_card,
        p1_0.name,
        p1_0.phone,
        p1_0.user_id 
    from
        passengers p1_0 
    where
        p1_0.user_id=?
Hibernate: 
    select
        o1_0.id,
        o1_0.create_time,
        o1_0.order_no,
        o1_0.passenger_id,
        o1_0.pay_time,
        o1_0.pay_trade_no,
        o1_0.pay_type,
        o1_0.price,
        o1_0.status,
        o1_0.train_id,
        o1_0.user_id 
    from
        orders o1_0 
    where
        o1_0.user_id=?
Hibernate: 
    select
        t1_0.id,
        t1_0.arrival_time,
        t1_0.available_seats,
        t1_0.departure_time,
        t1_0.end_station,
        t1_0.price,
        t1_0.start_station,
        t1_0.total_seats,
        t1_0.train_number 
    from
        trains t1_0 
    where
        t1_0.id=?
Hibernate: 
    select
        t1_0.id,
        t1_0.arrival_time,
        t1_0.available_seats,
        t1_0.departure_time,
        t1_0.end_station,
        t1_0.price,
        t1_0.start_station,
        t1_0.total_seats,
        t1_0.train_number 
    from
        trains t1_0 
    where
        t1_0.id=?
Hibernate: 
    select
        t1_0.id,
        t1_0.arrival_time,
        t1_0.available_seats,
        t1_0.departure_time,
        t1_0.end_station,
        t1_0.price,
        t1_0.start_station,
        t1_0.total_seats,
        t1_0.train_number 
    from
        trains t1_0 
    where
        t1_0.id=?
Hibernate: 
    select
        t1_0.id,
        t1_0.arrival_time,
        t1_0.available_seats,
        t1_0.departure_time,
        t1_0.end_station,
        t1_0.price,
        t1_0.start_station,
        t1_0.total_seats,
        t1_0.train_number 
    from
        trains t1_0 
    where
        t1_0.id=?
Hibernate: 
    select
        t1_0.id,
        t1_0.arrival_time,
        t1_0.available_seats,
        t1_0.departure_time,
        t1_0.end_station,
        t1_0.price,
        t1_0.start_station,
        t1_0.total_seats,
        t1_0.train_number 
    from
        trains t1_0 
    where
        t1_0.id=?
Hibernate: 
    select
        t1_0.id,
        t1_0.arrival_time,
        t1_0.available_seats,
        t1_0.departure_time,
        t1_0.end_station,
        t1_0.price,
        t1_0.start_station,
        t1_0.total_seats,
        t1_0.train_number 
    from
        trains t1_0 
    where
        t1_0.id=?
Hibernate: 
    select
        t1_0.id,
        t1_0.arrival_time,
        t1_0.available_seats,
        t1_0.departure_time,
        t1_0.end_station,
        t1_0.price,
        t1_0.start_station,
        t1_0.total_seats,
        t1_0.train_number 
    from
        trains t1_0 
    where
        t1_0.id=?
Hibernate: 
    select
        t1_0.id,
        t1_0.arrival_time,
        t1_0.available_seats,
        t1_0.departure_time,
        t1_0.end_station,
        t1_0.price,
        t1_0.start_station,
        t1_0.total_seats,
        t1_0.train_number 
    from
        trains t1_0 
    where
        t1_0.id=?
Hibernate: 
    select
        t1_0.id,
        t1_0.arrival_time,
        t1_0.available_seats,
        t1_0.departure_time,
        t1_0.end_station,
        t1_0.price,
        t1_0.start_station,
        t1_0.total_seats,
        t1_0.train_number 
    from
        trains t1_0 
    where
        t1_0.id=?
Hibernate: 
    select
        t1_0.id,
        t1_0.arrival_time,
        t1_0.available_seats,
        t1_0.departure_time,
        t1_0.end_station,
        t1_0.price,
        t1_0.start_station,
        t1_0.total_seats,
        t1_0.train_number 
    from
        trains t1_0 
    where
        t1_0.id=?
Hibernate: 
    select
        t1_0.id,
        t1_0.arrival_time,
        t1_0.available_seats,
        t1_0.departure_time,
        t1_0.end_station,
        t1_0.price,
        t1_0.start_station,
        t1_0.total_seats,
        t1_0.train_number 
    from
        trains t1_0 
    where
        t1_0.id=?
Hibernate: 
    select
        t1_0.id,
        t1_0.arrival_time,
        t1_0.available_seats,
        t1_0.departure_time,
        t1_0.end_station,
        t1_0.price,
        t1_0.start_station,
        t1_0.total_seats,
        t1_0.train_number 
    from
        trains t1_0 
    where
        t1_0.id=?
Hibernate: 
    select
        t1_0.id,
        t1_0.arrival_time,
        t1_0.available_seats,
        t1_0.departure_time,
        t1_0.end_station,
        t1_0.price,
        t1_0.start_station,
        t1_0.total_seats,
        t1_0.train_number 
    from
        trains t1_0 
    where
        t1_0.id=?
Hibernate: 
    select
        t1_0.id,
        t1_0.arrival_time,
        t1_0.available_seats,
        t1_0.departure_time,
        t1_0.end_station,
        t1_0.price,
        t1_0.start_station,
        t1_0.total_seats,
        t1_0.train_number 
    from
        trains t1_0 
    where
        t1_0.id=?
Hibernate: 
    select
        t1_0.id,
        t1_0.arrival_time,
        t1_0.available_seats,
        t1_0.departure_time,
        t1_0.end_station,
        t1_0.price,
        t1_0.start_station,
        t1_0.total_seats,
        t1_0.train_number 
    from
        trains t1_0 
    where
        t1_0.id=?
Hibernate: 
    select
        p1_0.id,
        p1_0.id_card,
        p1_0.name,
        p1_0.phone,
        p1_0.user_id 
    from
        passengers p1_0 
    where
        p1_0.id=?
Hibernate: 
    select
        t1_0.id,
        t1_0.arrival_time,
        t1_0.available_seats,
        t1_0.departure_time,
        t1_0.end_station,
        t1_0.price,
        t1_0.start_station,
        t1_0.total_seats,
        t1_0.train_number 
    from
        trains t1_0 
    where
        t1_0.id=?
Hibernate: 
    select
        t1_0.id,
        t1_0.arrival_time,
        t1_0.available_seats,
        t1_0.departure_time,
        t1_0.end_station,
        t1_0.price,
        t1_0.start_station,
        t1_0.total_seats,
        t1_0.train_number 
    from
        trains t1_0 
    where
        t1_0.id=?
Hibernate: 
    select
        t1_0.id,
        t1_0.arrival_time,
        t1_0.available_seats,
        t1_0.departure_time,
        t1_0.end_station,
        t1_0.price,
        t1_0.start_station,
        t1_0.total_seats,
        t1_0.train_number 
    from
        trains t1_0
Hibernate: 
    select
        t1_0.id,
        t1_0.arrival_time,
        t1_0.available_seats,
        t1_0.departure_time,
        t1_0.end_station,
        t1_0.price,
        t1_0.start_station,
        t1_0.total_seats,
        t1_0.train_number 
    from
        trains t1_0
Hibernate: 
    select
        o1_0.id,
        o1_0.create_time,
        o1_0.order_no,
        o1_0.passenger_id,
        o1_0.pay_time,
        o1_0.pay_trade_no,
        o1_0.pay_type,
        o1_0.price,
        o1_0.status,
        o1_0.train_id,
        o1_0.user_id 
    from
        orders o1_0 
    where
        o1_0.user_id=?
2026-06-12T16:16:03.770+08:00  INFO 73748 --- [demo] [   File Watcher] rtingClassPathChangeChangedEventListener : Restarting due to 41 class path changes (0 additions, 40 deletions, 1 modification)
2026-06-12T16:16:03.776+08:00  INFO 73748 --- [demo] [       Thread-1] o.s.boot.tomcat.GracefulShutdown         : Commencing graceful shutdown. Waiting for active requests to complete
2026-06-12T16:16:03.789+08:00  INFO 73748 --- [demo] [tomcat-shutdown] o.s.boot.tomcat.GracefulShutdown         : Graceful shutdown complete
2026-06-12T16:16:03.795+08:00  INFO 73748 --- [demo] [       Thread-1] j.LocalContainerEntityManagerFactoryBean : Closing JPA EntityManagerFactory for persistence unit 'default'
2026-06-12T16:16:03.799+08:00  INFO 73748 --- [demo] [       Thread-1] com.zaxxer.hikari.HikariDataSource       : HikariPool-1 - Shutdown initiated...
2026-06-12T16:16:03.806+08:00  INFO 73748 --- [demo] [       Thread-1] com.zaxxer.hikari.HikariDataSource       : HikariPool-1 - Shutdown completed.

  .   ____          _            __ _ _
 /\\ / ___'_ __ _ _(_)_ __  __ _ \ \ \ \
( ( )\___ | '_ | '_| | '_ \/ _` | \ \ \ \
 \\/  ___)| |_)| | | | | || (_| |  ) ) ) )
  '  |____| .__|_| |_|_| |_\__, | / / / /
 =========|_|==============|___/=/_/_/_/

 :: Spring Boot ::                (v4.0.6)

2026-06-12T16:16:03.904+08:00  INFO 73748 --- [demo] [  restartedMain] com.example.demo.DemoApplication         : Starting DemoApplication using Java 24.0.2 with PID 73748 (C:\Users\Administrator\Desktop\mini12306\demo\target\classes started by Administrator in C:\Users\Administrator\Desktop\mini12306\demo)
2026-06-12T16:16:03.904+08:00  INFO 73748 --- [demo] [  restartedMain] com.example.demo.DemoApplication         : No active profile set, falling back to 1 default profile: "default"
2026-06-12T16:16:04.088+08:00  INFO 73748 --- [demo] [  restartedMain] .s.d.r.c.RepositoryConfigurationDelegate : Bootstrapping Spring Data JPA repositories in DEFAULT mode.
2026-06-12T16:16:04.092+08:00  INFO 73748 --- [demo] [  restartedMain] .s.d.r.c.RepositoryConfigurationDelegate : Finished Spring Data repository scanning in 2 ms. Found 0 JPA repository interfaces.
2026-06-12T16:16:04.185+08:00  INFO 73748 --- [demo] [  restartedMain] o.s.boot.tomcat.TomcatWebServer          : Tomcat initialized with port 8080 (http)
2026-06-12T16:16:04.187+08:00  INFO 73748 --- [demo] [  restartedMain] o.apache.catalina.core.StandardService   : Starting service [Tomcat]
2026-06-12T16:16:04.188+08:00  INFO 73748 --- [demo] [  restartedMain] o.apache.catalina.core.StandardEngine    : Starting Servlet engine: [Apache Tomcat/11.0.21]
2026-06-12T16:16:04.210+08:00  INFO 73748 --- [demo] [  restartedMain] b.w.c.s.WebApplicationContextInitializer : Root WebApplicationContext: initialization completed in 304 ms
2026-06-12T16:16:04.246+08:00  INFO 73748 --- [demo] [  restartedMain] org.hibernate.orm.jpa                    : HHH008540: Processing PersistenceUnitInfo [name: default]
2026-06-12T16:16:04.281+08:00  INFO 73748 --- [demo] [  restartedMain] o.s.o.j.p.SpringPersistenceUnitInfo      : No LoadTimeWeaver setup: ignoring JPA class transformer
2026-06-12T16:16:04.282+08:00  INFO 73748 --- [demo] [  restartedMain] com.zaxxer.hikari.HikariDataSource       : HikariPool-2 - Starting...
2026-06-12T16:16:04.288+08:00  INFO 73748 --- [demo] [  restartedMain] com.zaxxer.hikari.pool.HikariPool        : HikariPool-2 - Added connection com.mysql.cj.jdbc.ConnectionImpl@1827d89b
2026-06-12T16:16:04.289+08:00  INFO 73748 --- [demo] [  restartedMain] com.zaxxer.hikari.HikariDataSource       : HikariPool-2 - Start completed.
2026-06-12T16:16:04.290+08:00  INFO 73748 --- [demo] [  restartedMain] org.hibernate.orm.connections.pooling    : HHH10001005: Database info:
	Database JDBC URL [jdbc:mysql://localhost:3306/mini12306?useSSL=false&serverTimezone=Asia/Shanghai&allowPublicKeyRetrieval=true&characterEncoding=UTF-8]
	Database driver: MySQL Connector/J
	Database dialect: MySQLDialect
	Database version: 9.6
	Default catalog/schema: mini12306/undefined
	Autocommit mode: undefined/unknown
	Isolation level: REPEATABLE_READ [default REPEATABLE_READ]
	JDBC fetch size: none
	Pool: DataSourceConnectionProvider
	Minimum pool size: undefined/unknown
	Maximum pool size: undefined/unknown
2026-06-12T16:16:04.315+08:00  INFO 73748 --- [demo] [  restartedMain] org.hibernate.orm.core                   : HHH000489: No JTA platform available (set 'hibernate.transaction.jta.platform' to enable JTA platform integration)
2026-06-12T16:16:04.317+08:00  INFO 73748 --- [demo] [  restartedMain] j.LocalContainerEntityManagerFactoryBean : Initialized JPA EntityManagerFactory for persistence unit 'default'
2026-06-12T16:16:04.467+08:00  INFO 73748 --- [demo] [  restartedMain] o.s.boot.tomcat.TomcatWebServer          : Tomcat started on port 8080 (http) with context path '/'
2026-06-12T16:16:04.470+08:00  INFO 73748 --- [demo] [  restartedMain] com.example.demo.DemoApplication         : Started DemoApplication in 0.595 seconds (process running for 527.965)
2026-06-12T16:16:04.472+08:00  INFO 73748 --- [demo] [  restartedMain] .ConditionEvaluationDeltaLoggingListener : Condition evaluation unchanged
2026-06-12T16:16:06.873+08:00  INFO 73748 --- [demo] [   File Watcher] rtingClassPathChangeChangedEventListener : Restarting due to 40 class path changes (40 additions, 0 deletions, 0 modifications)
2026-06-12T16:16:06.874+08:00  INFO 73748 --- [demo] [       Thread-5] o.s.boot.tomcat.GracefulShutdown         : Commencing graceful shutdown. Waiting for active requests to complete
2026-06-12T16:16:06.884+08:00  INFO 73748 --- [demo] [tomcat-shutdown] o.s.boot.tomcat.GracefulShutdown         : Graceful shutdown complete
2026-06-12T16:16:06.885+08:00  INFO 73748 --- [demo] [       Thread-5] j.LocalContainerEntityManagerFactoryBean : Closing JPA EntityManagerFactory for persistence unit 'default'
2026-06-12T16:16:06.886+08:00  INFO 73748 --- [demo] [       Thread-5] com.zaxxer.hikari.HikariDataSource       : HikariPool-2 - Shutdown initiated...
2026-06-12T16:16:06.887+08:00  INFO 73748 --- [demo] [       Thread-5] com.zaxxer.hikari.HikariDataSource       : HikariPool-2 - Shutdown completed.

  .   ____          _            __ _ _
 /\\ / ___'_ __ _ _(_)_ __  __ _ \ \ \ \
( ( )\___ | '_ | '_| | '_ \/ _` | \ \ \ \
 \\/  ___)| |_)| | | | | || (_| |  ) ) ) )
  '  |____| .__|_| |_|_| |_\__, | / / / /
 =========|_|==============|___/=/_/_/_/

 :: Spring Boot ::                (v4.0.6)

2026-06-12T16:16:06.960+08:00  INFO 73748 --- [demo] [  restartedMain] com.example.demo.DemoApplication         : Starting DemoApplication using Java 24.0.2 with PID 73748 (C:\Users\Administrator\Desktop\mini12306\demo\target\classes started by Administrator in C:\Users\Administrator\Desktop\mini12306\demo)
2026-06-12T16:16:06.960+08:00  INFO 73748 --- [demo] [  restartedMain] com.example.demo.DemoApplication         : No active profile set, falling back to 1 default profile: "default"
2026-06-12T16:16:07.109+08:00  INFO 73748 --- [demo] [  restartedMain] .s.d.r.c.RepositoryConfigurationDelegate : Bootstrapping Spring Data JPA repositories in DEFAULT mode.
2026-06-12T16:16:07.126+08:00  INFO 73748 --- [demo] [  restartedMain] .s.d.r.c.RepositoryConfigurationDelegate : Finished Spring Data repository scanning in 15 ms. Found 6 JPA repository interfaces.
2026-06-12T16:16:07.207+08:00  INFO 73748 --- [demo] [  restartedMain] o.s.boot.tomcat.TomcatWebServer          : Tomcat initialized with port 8080 (http)
2026-06-12T16:16:07.208+08:00  INFO 73748 --- [demo] [  restartedMain] o.apache.catalina.core.StandardService   : Starting service [Tomcat]
2026-06-12T16:16:07.208+08:00  INFO 73748 --- [demo] [  restartedMain] o.apache.catalina.core.StandardEngine    : Starting Servlet engine: [Apache Tomcat/11.0.21]
2026-06-12T16:16:07.226+08:00  INFO 73748 --- [demo] [  restartedMain] b.w.c.s.WebApplicationContextInitializer : Root WebApplicationContext: initialization completed in 265 ms
2026-06-12T16:16:07.255+08:00  INFO 73748 --- [demo] [  restartedMain] org.hibernate.orm.jpa                    : HHH008540: Processing PersistenceUnitInfo [name: default]
2026-06-12T16:16:07.284+08:00  INFO 73748 --- [demo] [  restartedMain] o.s.o.j.p.SpringPersistenceUnitInfo      : No LoadTimeWeaver setup: ignoring JPA class transformer
2026-06-12T16:16:07.286+08:00  INFO 73748 --- [demo] [  restartedMain] com.zaxxer.hikari.HikariDataSource       : HikariPool-3 - Starting...
2026-06-12T16:16:07.289+08:00  INFO 73748 --- [demo] [  restartedMain] com.zaxxer.hikari.pool.HikariPool        : HikariPool-3 - Added connection com.mysql.cj.jdbc.ConnectionImpl@161bf4b7
2026-06-12T16:16:07.289+08:00  INFO 73748 --- [demo] [  restartedMain] com.zaxxer.hikari.HikariDataSource       : HikariPool-3 - Start completed.
2026-06-12T16:16:07.291+08:00  INFO 73748 --- [demo] [  restartedMain] org.hibernate.orm.connections.pooling    : HHH10001005: Database info:
	Database JDBC URL [jdbc:mysql://localhost:3306/mini12306?useSSL=false&serverTimezone=Asia/Shanghai&allowPublicKeyRetrieval=true&characterEncoding=UTF-8]
	Database driver: MySQL Connector/J
	Database dialect: MySQLDialect
	Database version: 9.6
	Default catalog/schema: mini12306/undefined
	Autocommit mode: undefined/unknown
	Isolation level: REPEATABLE_READ [default REPEATABLE_READ]
	JDBC fetch size: none
	Pool: DataSourceConnectionProvider
	Minimum pool size: undefined/unknown
	Maximum pool size: undefined/unknown
2026-06-12T16:16:07.429+08:00  INFO 73748 --- [demo] [  restartedMain] org.hibernate.orm.core                   : HHH000489: No JTA platform available (set 'hibernate.transaction.jta.platform' to enable JTA platform integration)
2026-06-12T16:16:07.442+08:00  INFO 73748 --- [demo] [  restartedMain] j.LocalContainerEntityManagerFactoryBean : Initialized JPA EntityManagerFactory for persistence unit 'default'
Hibernate: 
    select
        u1_0.id,
        u1_0.create_time,
        u1_0.id_card,
        u1_0.password,
        u1_0.phone,
        u1_0.real_name,
        u1_0.role,
        u1_0.username 
    from
        users u1_0 
    where
        u1_0.username=?
Hibernate: 
    select
        u1_0.id,
        u1_0.create_time,
        u1_0.id_card,
        u1_0.password,
        u1_0.phone,
        u1_0.real_name,
        u1_0.role,
        u1_0.username 
    from
        users u1_0 
    where
        u1_0.username=?
Hibernate: 
    select
        count(*) 
    from
        trains t1_0
2026-06-12T16:16:07.716+08:00  INFO 73748 --- [demo] [  restartedMain] o.s.boot.tomcat.TomcatWebServer          : Tomcat started on port 8080 (http) with context path '/'
2026-06-12T16:16:07.718+08:00  INFO 73748 --- [demo] [  restartedMain] com.example.demo.DemoApplication         : Started DemoApplication in 0.78 seconds (process running for 531.212)
2026-06-12T16:16:07.719+08:00  INFO 73748 --- [demo] [  restartedMain] .ConditionEvaluationDeltaLoggingListener : Condition evaluation unchanged
2026-06-12T16:19:35.137+08:00  INFO 73748 --- [demo] [nio-8080-exec-1] o.a.c.c.C.[Tomcat].[localhost].[/]       : Initializing Spring DispatcherServlet 'dispatcherServlet'
2026-06-12T16:19:35.137+08:00  INFO 73748 --- [demo] [nio-8080-exec-1] o.s.web.servlet.DispatcherServlet        : Initializing Servlet 'dispatcherServlet'
2026-06-12T16:19:35.138+08:00  INFO 73748 --- [demo] [nio-8080-exec-1] o.s.web.servlet.DispatcherServlet        : Completed initialization in 1 ms
Hibernate: 
    select
        o1_0.id,
        o1_0.create_time,
        o1_0.order_no,
        o1_0.passenger_id,
        o1_0.pay_time,
        o1_0.pay_trade_no,
        o1_0.pay_type,
        o1_0.price,
        o1_0.status,
        o1_0.train_id,
        o1_0.user_id 
    from
        orders o1_0 
    where
        o1_0.user_id=?
Hibernate: 
    select
        o1_0.id,
        o1_0.create_time,
        o1_0.order_no,
        o1_0.passenger_id,
        o1_0.pay_time,
        o1_0.pay_trade_no,
        o1_0.pay_type,
        o1_0.price,
        o1_0.status,
        o1_0.train_id,
        o1_0.user_id 
    from
        orders o1_0 
    where
        o1_0.user_id=?
Hibernate: 
    select
        o1_0.id,
        o1_0.create_time,
        o1_0.order_no,
        o1_0.passenger_id,
        o1_0.pay_time,
        o1_0.pay_trade_no,
        o1_0.pay_type,
        o1_0.price,
        o1_0.status,
        o1_0.train_id,
        o1_0.user_id 
    from
        orders o1_0 
    where
        o1_0.user_id=?
Hibernate: 
    select
        t1_0.id,
        t1_0.arrival_time,
        t1_0.available_seats,
        t1_0.departure_time,
        t1_0.end_station,
        t1_0.price,
        t1_0.start_station,
        t1_0.total_seats,
        t1_0.train_number 
    from
        trains t1_0 
    where
        t1_0.id=?
Hibernate: 
    select
        t1_0.id,
        t1_0.arrival_time,
        t1_0.available_seats,
        t1_0.departure_time,
        t1_0.end_station,
        t1_0.price,
        t1_0.start_station,
        t1_0.total_seats,
        t1_0.train_number 
    from
        trains t1_0 
    where
        t1_0.id=?
Hibernate: 
    select
        t1_0.id,
        t1_0.arrival_time,
        t1_0.available_seats,
        t1_0.departure_time,
        t1_0.end_station,
        t1_0.price,
        t1_0.start_station,
        t1_0.total_seats,
        t1_0.train_number 
    from
        trains t1_0 
    where
        t1_0.id=?
Hibernate: 
    select
        t1_0.id,
        t1_0.arrival_time,
        t1_0.available_seats,
        t1_0.departure_time,
        t1_0.end_station,
        t1_0.price,
        t1_0.start_station,
        t1_0.total_seats,
        t1_0.train_number 
    from
        trains t1_0 
    where
        t1_0.id=?
Hibernate: 
    select
        t1_0.id,
        t1_0.arrival_time,
        t1_0.available_seats,
        t1_0.departure_time,
        t1_0.end_station,
        t1_0.price,
        t1_0.start_station,
        t1_0.total_seats,
        t1_0.train_number 
    from
        trains t1_0 
    where
        t1_0.id=?
Hibernate: 
    select
        t1_0.id,
        t1_0.arrival_time,
        t1_0.available_seats,
        t1_0.departure_time,
        t1_0.end_station,
        t1_0.price,
        t1_0.start_station,
        t1_0.total_seats,
        t1_0.train_number 
    from
        trains t1_0 
    where
        t1_0.id=?
Hibernate: 
    select
        t1_0.id,
        t1_0.arrival_time,
        t1_0.available_seats,
        t1_0.departure_time,
        t1_0.end_station,
        t1_0.price,
        t1_0.start_station,
        t1_0.total_seats,
        t1_0.train_number 
    from
        trains t1_0 
    where
        t1_0.id=?
Hibernate: 
    select
        t1_0.id,
        t1_0.arrival_time,
        t1_0.available_seats,
        t1_0.departure_time,
        t1_0.end_station,
        t1_0.price,
        t1_0.start_station,
        t1_0.total_seats,
        t1_0.train_number 
    from
        trains t1_0 
    where
        t1_0.id=?
Hibernate: 
    select
        t1_0.id,
        t1_0.arrival_time,
        t1_0.available_seats,
        t1_0.departure_time,
        t1_0.end_station,
        t1_0.price,
        t1_0.start_station,
        t1_0.total_seats,
        t1_0.train_number 
    from
        trains t1_0 
    where
        t1_0.id=?
Hibernate: 
    select
        t1_0.id,
        t1_0.arrival_time,
        t1_0.available_seats,
        t1_0.departure_time,
        t1_0.end_station,
        t1_0.price,
        t1_0.start_station,
        t1_0.total_seats,
        t1_0.train_number 
    from
        trains t1_0 
    where
        t1_0.id=?
Hibernate: 
    select
        t1_0.id,
        t1_0.arrival_time,
        t1_0.available_seats,
        t1_0.departure_time,
        t1_0.end_station,
        t1_0.price,
        t1_0.start_station,
        t1_0.total_seats,
        t1_0.train_number 
    from
        trains t1_0 
    where
        t1_0.id=?
Hibernate: 
    select
        t1_0.id,
        t1_0.arrival_time,
        t1_0.available_seats,
        t1_0.departure_time,
        t1_0.end_station,
        t1_0.price,
        t1_0.start_station,
        t1_0.total_seats,
        t1_0.train_number 
    from
        trains t1_0 
    where
        t1_0.id=?
Hibernate: 
    select
        t1_0.id,
        t1_0.arrival_time,
        t1_0.available_seats,
        t1_0.departure_time,
        t1_0.end_station,
        t1_0.price,
        t1_0.start_station,
        t1_0.total_seats,
        t1_0.train_number 
    from
        trains t1_0 
    where
        t1_0.id=?
Hibernate: 
    select
        t1_0.id,
        t1_0.arrival_time,
        t1_0.available_seats,
        t1_0.departure_time,
        t1_0.end_station,
        t1_0.price,
        t1_0.start_station,
        t1_0.total_seats,
        t1_0.train_number 
    from
        trains t1_0 
    where
        t1_0.id=?
Hibernate: 
    select
        t1_0.id,
        t1_0.arrival_time,
        t1_0.available_seats,
        t1_0.departure_time,
        t1_0.end_station,
        t1_0.price,
        t1_0.start_station,
        t1_0.total_seats,
        t1_0.train_number 
    from
        trains t1_0 
    where
        t1_0.id=?
Hibernate: 
    select
        t1_0.id,
        t1_0.arrival_time,
        t1_0.available_seats,
        t1_0.departure_time,
        t1_0.end_station,
        t1_0.price,
        t1_0.start_station,
        t1_0.total_seats,
        t1_0.train_number 
    from
        trains t1_0 
    where
        t1_0.id=?
Hibernate: 
    select
        t1_0.id,
        t1_0.arrival_time,
        t1_0.available_seats,
        t1_0.departure_time,
        t1_0.end_station,
        t1_0.price,
        t1_0.start_station,
        t1_0.total_seats,
        t1_0.train_number 
    from
        trains t1_0 
    where
        t1_0.id=?
Hibernate: 
    select
        p1_0.id,
        p1_0.id_card,
        p1_0.name,
        p1_0.phone,
        p1_0.user_id 
    from
        passengers p1_0 
    where
        p1_0.id=?
Hibernate: 
    select
        o1_0.id,
        o1_0.create_time,
        o1_0.order_no,
        o1_0.passenger_id,
        o1_0.pay_time,
        o1_0.pay_trade_no,
        o1_0.pay_type,
        o1_0.price,
        o1_0.status,
        o1_0.train_id,
        o1_0.user_id 
    from
        orders o1_0 
    where
        o1_0.user_id=?
Hibernate: 
    select
        t1_0.id,
        t1_0.arrival_time,
        t1_0.available_seats,
        t1_0.departure_time,
        t1_0.end_station,
        t1_0.price,
        t1_0.start_station,
        t1_0.total_seats,
        t1_0.train_number 
    from
        trains t1_0 
    where
        t1_0.id=?
Hibernate: 
    select
        t1_0.id,
        t1_0.arrival_time,
        t1_0.available_seats,
        t1_0.departure_time,
        t1_0.end_station,
        t1_0.price,
        t1_0.start_station,
        t1_0.total_seats,
        t1_0.train_number 
    from
        trains t1_0 
    where
        t1_0.id=?
Hibernate: 
    select
        t1_0.id,
        t1_0.arrival_time,
        t1_0.available_seats,
        t1_0.departure_time,
        t1_0.end_station,
        t1_0.price,
        t1_0.start_station,
        t1_0.total_seats,
        t1_0.train_number 
    from
        trains t1_0 
    where
        t1_0.id=?
Hibernate: 
    select
        t1_0.id,
        t1_0.arrival_time,
        t1_0.available_seats,
        t1_0.departure_time,
        t1_0.end_station,
        t1_0.price,
        t1_0.start_station,
        t1_0.total_seats,
        t1_0.train_number 
    from
        trains t1_0 
    where
        t1_0.id=?
Hibernate: 
    select
        t1_0.id,
        t1_0.arrival_time,
        t1_0.available_seats,
        t1_0.departure_time,
        t1_0.end_station,
        t1_0.price,
        t1_0.start_station,
        t1_0.total_seats,
        t1_0.train_number 
    from
        trains t1_0 
    where
        t1_0.id=?
Hibernate: 
    select
        t1_0.id,
        t1_0.arrival_time,
        t1_0.available_seats,
        t1_0.departure_time,
        t1_0.end_station,
        t1_0.price,
        t1_0.start_station,
        t1_0.total_seats,
        t1_0.train_number 
    from
        trains t1_0 
    where
        t1_0.id=?
Hibernate: 
    select
        t1_0.id,
        t1_0.arrival_time,
        t1_0.available_seats,
        t1_0.departure_time,
        t1_0.end_station,
        t1_0.price,
        t1_0.start_station,
        t1_0.total_seats,
        t1_0.train_number 
    from
        trains t1_0 
    where
        t1_0.id=?
Hibernate: 
    select
        t1_0.id,
        t1_0.arrival_time,
        t1_0.available_seats,
        t1_0.departure_time,
        t1_0.end_station,
        t1_0.price,
        t1_0.start_station,
        t1_0.total_seats,
        t1_0.train_number 
    from
        trains t1_0 
    where
        t1_0.id=?
Hibernate: 
    select
        t1_0.id,
        t1_0.arrival_time,
        t1_0.available_seats,
        t1_0.departure_time,
        t1_0.end_station,
        t1_0.price,
        t1_0.start_station,
        t1_0.total_seats,
        t1_0.train_number 
    from
        trains t1_0 
    where
        t1_0.id=?
Hibernate: 
    select
        t1_0.id,
        t1_0.arrival_time,
        t1_0.available_seats,
        t1_0.departure_time,
        t1_0.end_station,
        t1_0.price,
        t1_0.start_station,
        t1_0.total_seats,
        t1_0.train_number 
    from
        trains t1_0 
    where
        t1_0.id=?
Hibernate: 
    select
        t1_0.id,
        t1_0.arrival_time,
        t1_0.available_seats,
        t1_0.departure_time,
        t1_0.end_station,
        t1_0.price,
        t1_0.start_station,
        t1_0.total_seats,
        t1_0.train_number 
    from
        trains t1_0 
    where
        t1_0.id=?
Hibernate: 
    select
        t1_0.id,
        t1_0.arrival_time,
        t1_0.available_seats,
        t1_0.departure_time,
        t1_0.end_station,
        t1_0.price,
        t1_0.start_station,
        t1_0.total_seats,
        t1_0.train_number 
    from
        trains t1_0 
    where
        t1_0.id=?
Hibernate: 
    select
        t1_0.id,
        t1_0.arrival_time,
        t1_0.available_seats,
        t1_0.departure_time,
        t1_0.end_station,
        t1_0.price,
        t1_0.start_station,
        t1_0.total_seats,
        t1_0.train_number 
    from
        trains t1_0 
    where
        t1_0.id=?
Hibernate: 
    select
        t1_0.id,
        t1_0.arrival_time,
        t1_0.available_seats,
        t1_0.departure_time,
        t1_0.end_station,
        t1_0.price,
        t1_0.start_station,
        t1_0.total_seats,
        t1_0.train_number 
    from
        trains t1_0 
    where
        t1_0.id=?
Hibernate: 
    select
        t1_0.id,
        t1_0.arrival_time,
        t1_0.available_seats,
        t1_0.departure_time,
        t1_0.end_station,
        t1_0.price,
        t1_0.start_station,
        t1_0.total_seats,
        t1_0.train_number 
    from
        trains t1_0 
    where
        t1_0.id=?
Hibernate: 
    select
        t1_0.id,
        t1_0.arrival_time,
        t1_0.available_seats,
        t1_0.departure_time,
        t1_0.end_station,
        t1_0.price,
        t1_0.start_station,
        t1_0.total_seats,
        t1_0.train_number 
    from
        trains t1_0 
    where
        t1_0.id=?
Hibernate: 
    select
        t1_0.id,
        t1_0.arrival_time,
        t1_0.available_seats,
        t1_0.departure_time,
        t1_0.end_station,
        t1_0.price,
        t1_0.start_station,
        t1_0.total_seats,
        t1_0.train_number 
    from
        trains t1_0 
    where
        t1_0.id=?
Hibernate: 
    select
        p1_0.id,
        p1_0.id_card,
        p1_0.name,
        p1_0.phone,
        p1_0.user_id 
    from
        passengers p1_0 
    where
        p1_0.id=?
Hibernate: 
    select
        t1_0.id,
        t1_0.arrival_time,
        t1_0.available_seats,
        t1_0.departure_time,
        t1_0.end_station,
        t1_0.price,
        t1_0.start_station,
        t1_0.total_seats,
        t1_0.train_number 
    from
        trains t1_0 
    where
        t1_0.start_station like ? escape '\\' 
        and t1_0.end_station like ? escape '\\'
Hibernate: 
    select
        t1_0.id,
        t1_0.arrival_time,
        t1_0.available_seats,
        t1_0.departure_time,
        t1_0.end_station,
        t1_0.price,
        t1_0.start_station,
        t1_0.total_seats,
        t1_0.train_number 
    from
        trains t1_0 
    where
        t1_0.start_station like ? escape '\\'
Hibernate: 
    select
        o1_0.id,
        o1_0.create_time,
        o1_0.order_no,
        o1_0.passenger_id,
        o1_0.pay_time,
        o1_0.pay_trade_no,
        o1_0.pay_type,
        o1_0.price,
        o1_0.status,
        o1_0.train_id,
        o1_0.user_id 
    from
        orders o1_0 
    where
        o1_0.id=?
Hibernate: 
    select
        t1_0.id,
        t1_0.arrival_time,
        t1_0.available_seats,
        t1_0.departure_time,
        t1_0.end_station,
        t1_0.price,
        t1_0.start_station,
        t1_0.total_seats,
        t1_0.train_number 
    from
        trains t1_0 
    where
        t1_0.id=?
Hibernate: 
    select
        t1_0.id,
        t1_0.arrival_time,
        t1_0.available_seats,
        t1_0.departure_time,
        t1_0.end_station,
        t1_0.price,
        t1_0.start_station,
        t1_0.total_seats,
        t1_0.train_number 
    from
        trains t1_0 
    where
        t1_0.id=?
Hibernate: 
    insert 
    into
        bills
        (amount, bill_no, create_time, description, order_id, status, type, user_id) 
    values
        (?, ?, ?, ?, ?, ?, ?, ?)
Hibernate: 
    select
        t1_0.id,
        t1_0.issue_time,
        t1_0.order_id,
        t1_0.passenger_id,
        t1_0.seat_number,
        t1_0.seat_type,
        t1_0.status,
        t1_0.ticket_no 
    from
        tickets t1_0 
    where
        t1_0.order_id=?
Hibernate: 
    update
        orders 
    set
        create_time=?,
        order_no=?,
        passenger_id=?,
        pay_time=?,
        pay_trade_no=?,
        pay_type=?,
        price=?,
        status=?,
        train_id=?,
        user_id=? 
    where
        id=?
Hibernate: 
    update
        trains 
    set
        arrival_time=?,
        available_seats=?,
        departure_time=?,
        end_station=?,
        price=?,
        start_station=?,
        total_seats=?,
        train_number=? 
    where
        id=?
Hibernate: 
    update
        trains 
    set
        arrival_time=?,
        available_seats=?,
        departure_time=?,
        end_station=?,
        price=?,
        start_station=?,
        total_seats=?,
        train_number=? 
    where
        id=?
Hibernate: 
    update
        tickets 
    set
        issue_time=?,
        order_id=?,
        passenger_id=?,
        seat_number=?,
        seat_type=?,
        status=?,
        ticket_no=? 
    where
        id=?
Hibernate: 
    select
        o1_0.id,
        o1_0.create_time,
        o1_0.order_no,
        o1_0.passenger_id,
        o1_0.pay_time,
        o1_0.pay_trade_no,
        o1_0.pay_type,
        o1_0.price,
        o1_0.status,
        o1_0.train_id,
        o1_0.user_id 
    from
        orders o1_0 
    where
        o1_0.user_id=?
Hibernate: 
    select
        t1_0.id,
        t1_0.arrival_time,
        t1_0.available_seats,
        t1_0.departure_time,
        t1_0.end_station,
        t1_0.price,
        t1_0.start_station,
        t1_0.total_seats,
        t1_0.train_number 
    from
        trains t1_0 
    where
        t1_0.id=?
Hibernate: 
    select
        t1_0.id,
        t1_0.arrival_time,
        t1_0.available_seats,
        t1_0.departure_time,
        t1_0.end_station,
        t1_0.price,
        t1_0.start_station,
        t1_0.total_seats,
        t1_0.train_number 
    from
        trains t1_0 
    where
        t1_0.id=?
Hibernate: 
    select
        t1_0.id,
        t1_0.arrival_time,
        t1_0.available_seats,
        t1_0.departure_time,
        t1_0.end_station,
        t1_0.price,
        t1_0.start_station,
        t1_0.total_seats,
        t1_0.train_number 
    from
        trains t1_0 
    where
        t1_0.id=?
Hibernate: 
    select
        t1_0.id,
        t1_0.arrival_time,
        t1_0.available_seats,
        t1_0.departure_time,
        t1_0.end_station,
        t1_0.price,
        t1_0.start_station,
        t1_0.total_seats,
        t1_0.train_number 
    from
        trains t1_0 
    where
        t1_0.id=?
Hibernate: 
    select
        t1_0.id,
        t1_0.arrival_time,
        t1_0.available_seats,
        t1_0.departure_time,
        t1_0.end_station,
        t1_0.price,
        t1_0.start_station,
        t1_0.total_seats,
        t1_0.train_number 
    from
        trains t1_0 
    where
        t1_0.id=?
Hibernate: 
    select
        t1_0.id,
        t1_0.arrival_time,
        t1_0.available_seats,
        t1_0.departure_time,
        t1_0.end_station,
        t1_0.price,
        t1_0.start_station,
        t1_0.total_seats,
        t1_0.train_number 
    from
        trains t1_0 
    where
        t1_0.id=?
Hibernate: 
    select
        t1_0.id,
        t1_0.arrival_time,
        t1_0.available_seats,
        t1_0.departure_time,
        t1_0.end_station,
        t1_0.price,
        t1_0.start_station,
        t1_0.total_seats,
        t1_0.train_number 
    from
        trains t1_0 
    where
        t1_0.id=?
Hibernate: 
    select
        t1_0.id,
        t1_0.arrival_time,
        t1_0.available_seats,
        t1_0.departure_time,
        t1_0.end_station,
        t1_0.price,
        t1_0.start_station,
        t1_0.total_seats,
        t1_0.train_number 
    from
        trains t1_0 
    where
        t1_0.id=?
Hibernate: 
    select
        t1_0.id,
        t1_0.arrival_time,
        t1_0.available_seats,
        t1_0.departure_time,
        t1_0.end_station,
        t1_0.price,
        t1_0.start_station,
        t1_0.total_seats,
        t1_0.train_number 
    from
        trains t1_0 
    where
        t1_0.id=?
Hibernate: 
    select
        t1_0.id,
        t1_0.arrival_time,
        t1_0.available_seats,
        t1_0.departure_time,
        t1_0.end_station,
        t1_0.price,
        t1_0.start_station,
        t1_0.total_seats,
        t1_0.train_number 
    from
        trains t1_0 
    where
        t1_0.id=?
Hibernate: 
    select
        t1_0.id,
        t1_0.arrival_time,
        t1_0.available_seats,
        t1_0.departure_time,
        t1_0.end_station,
        t1_0.price,
        t1_0.start_station,
        t1_0.total_seats,
        t1_0.train_number 
    from
        trains t1_0 
    where
        t1_0.id=?
Hibernate: 
    select
        t1_0.id,
        t1_0.arrival_time,
        t1_0.available_seats,
        t1_0.departure_time,
        t1_0.end_station,
        t1_0.price,
        t1_0.start_station,
        t1_0.total_seats,
        t1_0.train_number 
    from
        trains t1_0 
    where
        t1_0.id=?
Hibernate: 
    select
        t1_0.id,
        t1_0.arrival_time,
        t1_0.available_seats,
        t1_0.departure_time,
        t1_0.end_station,
        t1_0.price,
        t1_0.start_station,
        t1_0.total_seats,
        t1_0.train_number 
    from
        trains t1_0 
    where
        t1_0.id=?
Hibernate: 
    select
        t1_0.id,
        t1_0.arrival_time,
        t1_0.available_seats,
        t1_0.departure_time,
        t1_0.end_station,
        t1_0.price,
        t1_0.start_station,
        t1_0.total_seats,
        t1_0.train_number 
    from
        trains t1_0 
    where
        t1_0.id=?
Hibernate: 
    select
        t1_0.id,
        t1_0.arrival_time,
        t1_0.available_seats,
        t1_0.departure_time,
        t1_0.end_station,
        t1_0.price,
        t1_0.start_station,
        t1_0.total_seats,
        t1_0.train_number 
    from
        trains t1_0 
    where
        t1_0.id=?
Hibernate: 
    select
        t1_0.id,
        t1_0.arrival_time,
        t1_0.available_seats,
        t1_0.departure_time,
        t1_0.end_station,
        t1_0.price,
        t1_0.start_station,
        t1_0.total_seats,
        t1_0.train_number 
    from
        trains t1_0 
    where
        t1_0.id=?
Hibernate: 
    select
        t1_0.id,
        t1_0.arrival_time,
        t1_0.available_seats,
        t1_0.departure_time,
        t1_0.end_station,
        t1_0.price,
        t1_0.start_station,
        t1_0.total_seats,
        t1_0.train_number 
    from
        trains t1_0 
    where
        t1_0.id=?
Hibernate: 
    select
        p1_0.id,
        p1_0.id_card,
        p1_0.name,
        p1_0.phone,
        p1_0.user_id 
    from
        passengers p1_0 
    where
        p1_0.id=?
Hibernate: 
    select
        u1_0.id,
        u1_0.create_time,
        u1_0.id_card,
        u1_0.password,
        u1_0.phone,
        u1_0.real_name,
        u1_0.role,
        u1_0.username 
    from
        users u1_0 
    where
        u1_0.username=?
Hibernate: 
    insert 
    into
        users
        (create_time, id_card, password, phone, real_name, role, username) 
    values
        (?, ?, ?, ?, ?, ?, ?)
Hibernate: 
    select
        u1_0.id,
        u1_0.create_time,
        u1_0.id_card,
        u1_0.password,
        u1_0.phone,
        u1_0.real_name,
        u1_0.role,
        u1_0.username 
    from
        users u1_0 
    where
        u1_0.username=?
Hibernate: 
    select
        t1_0.id,
        t1_0.arrival_time,
        t1_0.available_seats,
        t1_0.departure_time,
        t1_0.end_station,
        t1_0.price,
        t1_0.start_station,
        t1_0.total_seats,
        t1_0.train_number 
    from
        trains t1_0
Hibernate: 
    select
        o1_0.id,
        o1_0.create_time,
        o1_0.order_no,
        o1_0.passenger_id,
        o1_0.pay_time,
        o1_0.pay_trade_no,
        o1_0.pay_type,
        o1_0.price,
        o1_0.status,
        o1_0.train_id,
        o1_0.user_id 
    from
        orders o1_0 
    where
        o1_0.user_id=?
Hibernate: 
    select
        p1_0.id,
        p1_0.id_card,
        p1_0.name,
        p1_0.phone,
        p1_0.user_id 
    from
        passengers p1_0 
    where
        p1_0.user_id=?
Hibernate: 
    select
        t1_0.id,
        t1_0.arrival_time,
        t1_0.available_seats,
        t1_0.departure_time,
        t1_0.end_station,
        t1_0.price,
        t1_0.start_station,
        t1_0.total_seats,
        t1_0.train_number 
    from
        trains t1_0
Hibernate: 
    select
        t1_0.id,
        t1_0.arrival_time,
        t1_0.available_seats,
        t1_0.departure_time,
        t1_0.end_station,
        t1_0.price,
        t1_0.start_station,
        t1_0.total_seats,
        t1_0.train_number 
    from
        trains t1_0 
    where
        t1_0.departure_time between ? and ?
Hibernate: 
    select
        p1_0.id,
        p1_0.id_card,
        p1_0.name,
        p1_0.phone,
        p1_0.user_id 
    from
        passengers p1_0 
    where
        p1_0.user_id=?
Hibernate: 
    select
        t1_0.id,
        t1_0.arrival_time,
        t1_0.available_seats,
        t1_0.departure_time,
        t1_0.end_station,
        t1_0.price,
        t1_0.start_station,
        t1_0.total_seats,
        t1_0.train_number 
    from
        trains t1_0 
    where
        t1_0.id=?
Hibernate: 
    insert 
    into
        passengers
        (id_card, name, phone, user_id) 
    values
        (?, ?, ?, ?)
Hibernate: 
    select
        t1_0.id,
        t1_0.arrival_time,
        t1_0.available_seats,
        t1_0.departure_time,
        t1_0.end_station,
        t1_0.price,
        t1_0.start_station,
        t1_0.total_seats,
        t1_0.train_number 
    from
        trains t1_0 
    where
        t1_0.id=?
Hibernate: 
    insert 
    into
        orders
        (create_time, order_no, passenger_id, pay_time, pay_trade_no, pay_type, price, status, train_id, user_id) 
    values
        (?, ?, ?, ?, ?, ?, ?, ?, ?, ?)
Hibernate: 
    select
        o1_0.id,
        o1_0.create_time,
        o1_0.order_no,
        o1_0.passenger_id,
        o1_0.pay_time,
        o1_0.pay_trade_no,
        o1_0.pay_type,
        o1_0.price,
        o1_0.status,
        o1_0.train_id,
        o1_0.user_id 
    from
        orders o1_0 
    where
        o1_0.id=?
Hibernate: 
    select
        o1_0.id,
        o1_0.create_time,
        o1_0.order_no,
        o1_0.passenger_id,
        o1_0.pay_time,
        o1_0.pay_trade_no,
        o1_0.pay_type,
        o1_0.price,
        o1_0.status,
        o1_0.train_id,
        o1_0.user_id 
    from
        orders o1_0 
    where
        o1_0.user_id=?
Hibernate: 
    select
        p1_0.id,
        p1_0.id_card,
        p1_0.name,
        p1_0.phone,
        p1_0.user_id 
    from
        passengers p1_0 
    where
        p1_0.id=?
Hibernate: 
    select
        t1_0.id,
        t1_0.arrival_time,
        t1_0.available_seats,
        t1_0.departure_time,
        t1_0.end_station,
        t1_0.price,
        t1_0.start_station,
        t1_0.total_seats,
        t1_0.train_number 
    from
        trains t1_0 
    where
        t1_0.id=?
Hibernate: 
    select
        o1_0.id,
        o1_0.create_time,
        o1_0.order_no,
        o1_0.passenger_id,
        o1_0.pay_time,
        o1_0.pay_trade_no,
        o1_0.pay_type,
        o1_0.price,
        o1_0.status,
        o1_0.train_id,
        o1_0.user_id 
    from
        orders o1_0 
    where
        o1_0.id=?
Hibernate: 
    select
        o1_0.id,
        o1_0.create_time,
        o1_0.order_no,
        o1_0.passenger_id,
        o1_0.pay_time,
        o1_0.pay_trade_no,
        o1_0.pay_type,
        o1_0.price,
        o1_0.status,
        o1_0.train_id,
        o1_0.user_id 
    from
        orders o1_0 
    where
        o1_0.id=?
Hibernate: 
    select
        o1_0.id,
        o1_0.create_time,
        o1_0.order_no,
        o1_0.passenger_id,
        o1_0.pay_time,
        o1_0.pay_trade_no,
        o1_0.pay_type,
        o1_0.price,
        o1_0.status,
        o1_0.train_id,
        o1_0.user_id 
    from
        orders o1_0 
    where
        o1_0.user_id=?
Hibernate: 
    select
        p1_0.id,
        p1_0.id_card,
        p1_0.name,
        p1_0.phone,
        p1_0.user_id 
    from
        passengers p1_0 
    where
        p1_0.id=?
Hibernate: 
    select
        t1_0.id,
        t1_0.arrival_time,
        t1_0.available_seats,
        t1_0.departure_time,
        t1_0.end_station,
        t1_0.price,
        t1_0.start_station,
        t1_0.total_seats,
        t1_0.train_number 
    from
        trains t1_0 
    where
        t1_0.id=?
Hibernate: 
    select
        o1_0.id,
        o1_0.create_time,
        o1_0.order_no,
        o1_0.passenger_id,
        o1_0.pay_time,
        o1_0.pay_trade_no,
        o1_0.pay_type,
        o1_0.price,
        o1_0.status,
        o1_0.train_id,
        o1_0.user_id 
    from
        orders o1_0 
    where
        o1_0.user_id=?
Hibernate: 
    select
        p1_0.id,
        p1_0.id_card,
        p1_0.name,
        p1_0.phone,
        p1_0.user_id 
    from
        passengers p1_0 
    where
        p1_0.id=?
Hibernate: 
    select
        t1_0.id,
        t1_0.arrival_time,
        t1_0.available_seats,
        t1_0.departure_time,
        t1_0.end_station,
        t1_0.price,
        t1_0.start_station,
        t1_0.total_seats,
        t1_0.train_number 
    from
        trains t1_0 
    where
        t1_0.id=?
Hibernate: 
    select
        o1_0.id,
        o1_0.create_time,
        o1_0.order_no,
        o1_0.passenger_id,
        o1_0.pay_time,
        o1_0.pay_trade_no,
        o1_0.pay_type,
        o1_0.price,
        o1_0.status,
        o1_0.train_id,
        o1_0.user_id 
    from
        orders o1_0 
    where
        o1_0.user_id=?
Hibernate: 
    select
        p1_0.id,
        p1_0.id_card,
        p1_0.name,
        p1_0.phone,
        p1_0.user_id 
    from
        passengers p1_0 
    where
        p1_0.id=?
Hibernate: 
    select
        t1_0.id,
        t1_0.arrival_time,
        t1_0.available_seats,
        t1_0.departure_time,
        t1_0.end_station,
        t1_0.price,
        t1_0.start_station,
        t1_0.total_seats,
        t1_0.train_number 
    from
        trains t1_0 
    where
        t1_0.id=?
Hibernate: 
    select
        o1_0.id,
        o1_0.create_time,
        o1_0.order_no,
        o1_0.passenger_id,
        o1_0.pay_time,
        o1_0.pay_trade_no,
        o1_0.pay_type,
        o1_0.price,
        o1_0.status,
        o1_0.train_id,
        o1_0.user_id 
    from
        orders o1_0 
    where
        o1_0.id=?
Hibernate: 
    select
        o1_0.id,
        o1_0.create_time,
        o1_0.order_no,
        o1_0.passenger_id,
        o1_0.pay_time,
        o1_0.pay_trade_no,
        o1_0.pay_type,
        o1_0.price,
        o1_0.status,
        o1_0.train_id,
        o1_0.user_id 
    from
        orders o1_0 
    where
        o1_0.id=?
Hibernate: 
    select
        t1_0.id,
        t1_0.arrival_time,
        t1_0.available_seats,
        t1_0.departure_time,
        t1_0.end_station,
        t1_0.price,
        t1_0.start_station,
        t1_0.total_seats,
        t1_0.train_number 
    from
        trains t1_0 
    where
        t1_0.id=?
Hibernate: 
    insert 
    into
        tickets
        (issue_time, order_id, passenger_id, seat_number, seat_type, status, ticket_no) 
    values
        (?, ?, ?, ?, ?, ?, ?)
Hibernate: 
    insert 
    into
        bills
        (amount, bill_no, create_time, description, order_id, status, type, user_id) 
    values
        (?, ?, ?, ?, ?, ?, ?, ?)
Hibernate: 
    update
        orders 
    set
        create_time=?,
        order_no=?,
        passenger_id=?,
        pay_time=?,
        pay_trade_no=?,
        pay_type=?,
        price=?,
        status=?,
        train_id=?,
        user_id=? 
    where
        id=?
Hibernate: 
    update
        trains 
    set
        arrival_time=?,
        available_seats=?,
        departure_time=?,
        end_station=?,
        price=?,
        start_station=?,
        total_seats=?,
        train_number=? 
    where
        id=?
Hibernate: 
    select
        o1_0.id,
        o1_0.create_time,
        o1_0.order_no,
        o1_0.passenger_id,
        o1_0.pay_time,
        o1_0.pay_trade_no,
        o1_0.pay_type,
        o1_0.price,
        o1_0.status,
        o1_0.train_id,
        o1_0.user_id 
    from
        orders o1_0 
    where
        o1_0.user_id=?
Hibernate: 
    select
        p1_0.id,
        p1_0.id_card,
        p1_0.name,
        p1_0.phone,
        p1_0.user_id 
    from
        passengers p1_0 
    where
        p1_0.id=?
Hibernate: 
    select
        t1_0.id,
        t1_0.arrival_time,
        t1_0.available_seats,
        t1_0.departure_time,
        t1_0.end_station,
        t1_0.price,
        t1_0.start_station,
        t1_0.total_seats,
        t1_0.train_number 
    from
        trains t1_0 
    where
        t1_0.id=?
Hibernate: 
    select
        t1_0.id,
        t1_0.arrival_time,
        t1_0.available_seats,
        t1_0.departure_time,
        t1_0.end_station,
        t1_0.price,
        t1_0.start_station,
        t1_0.total_seats,
        t1_0.train_number 
    from
        trains t1_0 
    where
        t1_0.start_station like ? escape '\\' 
        and t1_0.end_station like ? escape '\\'
Hibernate: 
    select
        t1_0.id,
        t1_0.arrival_time,
        t1_0.available_seats,
        t1_0.departure_time,
        t1_0.end_station,
        t1_0.price,
        t1_0.start_station,
        t1_0.total_seats,
        t1_0.train_number 
    from
        trains t1_0 
    where
        t1_0.start_station like ? escape '\\'
Hibernate: 
    select
        t1_0.id,
        t1_0.arrival_time,
        t1_0.available_seats,
        t1_0.departure_time,
        t1_0.end_station,
        t1_0.price,
        t1_0.start_station,
        t1_0.total_seats,
        t1_0.train_number 
    from
        trains t1_0 
    where
        t1_0.start_station like ? escape '\\'
Hibernate: 
    select
        o1_0.id,
        o1_0.create_time,
        o1_0.order_no,
        o1_0.passenger_id,
        o1_0.pay_time,
        o1_0.pay_trade_no,
        o1_0.pay_type,
        o1_0.price,
        o1_0.status,
        o1_0.train_id,
        o1_0.user_id 
    from
        orders o1_0 
    where
        o1_0.id=?
Hibernate: 
    select
        t1_0.id,
        t1_0.arrival_time,
        t1_0.available_seats,
        t1_0.departure_time,
        t1_0.end_station,
        t1_0.price,
        t1_0.start_station,
        t1_0.total_seats,
        t1_0.train_number 
    from
        trains t1_0 
    where
        t1_0.id=?
Hibernate: 
    select
        t1_0.id,
        t1_0.arrival_time,
        t1_0.available_seats,
        t1_0.departure_time,
        t1_0.end_station,
        t1_0.price,
        t1_0.start_station,
        t1_0.total_seats,
        t1_0.train_number 
    from
        trains t1_0 
    where
        t1_0.id=?
Hibernate: 
    insert 
    into
        bills
        (amount, bill_no, create_time, description, order_id, status, type, user_id) 
    values
        (?, ?, ?, ?, ?, ?, ?, ?)
Hibernate: 
    select
        t1_0.id,
        t1_0.issue_time,
        t1_0.order_id,
        t1_0.passenger_id,
        t1_0.seat_number,
        t1_0.seat_type,
        t1_0.status,
        t1_0.ticket_no 
    from
        tickets t1_0 
    where
        t1_0.order_id=?
Hibernate: 
    update
        orders 
    set
        create_time=?,
        order_no=?,
        passenger_id=?,
        pay_time=?,
        pay_trade_no=?,
        pay_type=?,
        price=?,
        status=?,
        train_id=?,
        user_id=? 
    where
        id=?
Hibernate: 
    update
        trains 
    set
        arrival_time=?,
        available_seats=?,
        departure_time=?,
        end_station=?,
        price=?,
        start_station=?,
        total_seats=?,
        train_number=? 
    where
        id=?
Hibernate: 
    update
        trains 
    set
        arrival_time=?,
        available_seats=?,
        departure_time=?,
        end_station=?,
        price=?,
        start_station=?,
        total_seats=?,
        train_number=? 
    where
        id=?
Hibernate: 
    update
        tickets 
    set
        issue_time=?,
        order_id=?,
        passenger_id=?,
        seat_number=?,
        seat_type=?,
        status=?,
        ticket_no=? 
    where
        id=?
Hibernate: 
    select
        o1_0.id,
        o1_0.create_time,
        o1_0.order_no,
        o1_0.passenger_id,
        o1_0.pay_time,
        o1_0.pay_trade_no,
        o1_0.pay_type,
        o1_0.price,
        o1_0.status,
        o1_0.train_id,
        o1_0.user_id 
    from
        orders o1_0 
    where
        o1_0.user_id=?
Hibernate: 
    select
        p1_0.id,
        p1_0.id_card,
        p1_0.name,
        p1_0.phone,
        p1_0.user_id 
    from
        passengers p1_0 
    where
        p1_0.id=?
Hibernate: 
    select
        t1_0.id,
        t1_0.arrival_time,
        t1_0.available_seats,
        t1_0.departure_time,
        t1_0.end_station,
        t1_0.price,
        t1_0.start_station,
        t1_0.total_seats,
        t1_0.train_number 
    from
        trains t1_0 
    where
        t1_0.id=?
Hibernate: 
    select
        o1_0.id,
        o1_0.create_time,
        o1_0.order_no,
        o1_0.passenger_id,
        o1_0.pay_time,
        o1_0.pay_trade_no,
        o1_0.pay_type,
        o1_0.price,
        o1_0.status,
        o1_0.train_id,
        o1_0.user_id 
    from
        orders o1_0 
    where
        o1_0.user_id=?
Hibernate: 
    select
        p1_0.id,
        p1_0.id_card,
        p1_0.name,
        p1_0.phone,
        p1_0.user_id 
    from
        passengers p1_0 
    where
        p1_0.id=?
Hibernate: 
    select
        t1_0.id,
        t1_0.arrival_time,
        t1_0.available_seats,
        t1_0.departure_time,
        t1_0.end_station,
        t1_0.price,
        t1_0.start_station,
        t1_0.total_seats,
        t1_0.train_number 
    from
        trains t1_0 
    where
        t1_0.id=?
Hibernate: 
    select
        p1_0.id,
        p1_0.id_card,
        p1_0.name,
        p1_0.phone,
        p1_0.user_id 
    from
        passengers p1_0 
    where
        p1_0.user_id=?
Hibernate: 
    select
        o1_0.id,
        o1_0.create_time,
        o1_0.order_no,
        o1_0.passenger_id,
        o1_0.pay_time,
        o1_0.pay_trade_no,
        o1_0.pay_type,
        o1_0.price,
        o1_0.status,
        o1_0.train_id,
        o1_0.user_id 
    from
        orders o1_0 
    where
        o1_0.user_id=?
Hibernate: 
    select
        p1_0.id,
        p1_0.id_card,
        p1_0.name,
        p1_0.phone,
        p1_0.user_id 
    from
        passengers p1_0 
    where
        p1_0.id=?
Hibernate: 
    select
        t1_0.id,
        t1_0.arrival_time,
        t1_0.available_seats,
        t1_0.departure_time,
        t1_0.end_station,
        t1_0.price,
        t1_0.start_station,
        t1_0.total_seats,
        t1_0.train_number 
    from
        trains t1_0 
    where
        t1_0.id=?
Hibernate: 
    select
        u1_0.id,
        u1_0.create_time,
        u1_0.id_card,
        u1_0.password,
        u1_0.phone,
        u1_0.real_name,
        u1_0.role,
        u1_0.username 
    from
        users u1_0 
    where
        u1_0.id=?
Hibernate: 
    select
        p1_0.id,
        p1_0.id_card,
        p1_0.name,
        p1_0.phone,
        p1_0.user_id 
    from
        passengers p1_0 
    where
        p1_0.user_id=?
Hibernate: 
    select
        o1_0.id,
        o1_0.create_time,
        o1_0.order_no,
        o1_0.passenger_id,
        o1_0.pay_time,
        o1_0.pay_trade_no,
        o1_0.pay_type,
        o1_0.price,
        o1_0.status,
        o1_0.train_id,
        o1_0.user_id 
    from
        orders o1_0 
    where
        o1_0.user_id=?
Hibernate: 
    select
        p1_0.id,
        p1_0.id_card,
        p1_0.name,
        p1_0.phone,
        p1_0.user_id 
    from
        passengers p1_0 
    where
        p1_0.id=?
Hibernate: 
    select
        t1_0.id,
        t1_0.arrival_time,
        t1_0.available_seats,
        t1_0.departure_time,
        t1_0.end_station,
        t1_0.price,
        t1_0.start_station,
        t1_0.total_seats,
        t1_0.train_number 
    from
        trains t1_0 
    where
        t1_0.id=?
Hibernate: 
    select
        o1_0.id,
        o1_0.create_time,
        o1_0.order_no,
        o1_0.passenger_id,
        o1_0.pay_time,
        o1_0.pay_trade_no,
        o1_0.pay_type,
        o1_0.price,
        o1_0.status,
        o1_0.train_id,
        o1_0.user_id 
    from
        orders o1_0 
    where
        o1_0.user_id=?
Hibernate: 
    select
        p1_0.id,
        p1_0.id_card,
        p1_0.name,
        p1_0.phone,
        p1_0.user_id 
    from
        passengers p1_0 
    where
        p1_0.id=?
Hibernate: 
    select
        t1_0.id,
        t1_0.arrival_time,
        t1_0.available_seats,
        t1_0.departure_time,
        t1_0.end_station,
        t1_0.price,
        t1_0.start_station,
        t1_0.total_seats,
        t1_0.train_number 
    from
        trains t1_0 
    where
        t1_0.id=?
Hibernate: 
    select
        t1_0.id,
        t1_0.arrival_time,
        t1_0.available_seats,
        t1_0.departure_time,
        t1_0.end_station,
        t1_0.price,
        t1_0.start_station,
        t1_0.total_seats,
        t1_0.train_number 
    from
        trains t1_0
Hibernate: 
    select
        p1_0.id,
        p1_0.id_card,
        p1_0.name,
        p1_0.phone,
        p1_0.user_id 
    from
        passengers p1_0 
    where
        p1_0.user_id=?
Hibernate: 
    select
        u1_0.id,
        u1_0.create_time,
        u1_0.id_card,
        u1_0.password,
        u1_0.phone,
        u1_0.real_name,
        u1_0.role,
        u1_0.username 
    from
        users u1_0 
    where
        u1_0.id=?
Hibernate: 
    select
        t1_0.id,
        t1_0.arrival_time,
        t1_0.available_seats,
        t1_0.departure_time,
        t1_0.end_station,
        t1_0.price,
        t1_0.start_station,
        t1_0.total_seats,
        t1_0.train_number 
    from
        trains t1_0
Hibernate: 
    select
        p1_0.id,
        p1_0.id_card,
        p1_0.name,
        p1_0.phone,
        p1_0.user_id 
    from
        passengers p1_0 
    where
        p1_0.user_id=?
Hibernate: 
    select
        t1_0.id,
        t1_0.arrival_time,
        t1_0.available_seats,
        t1_0.departure_time,
        t1_0.end_station,
        t1_0.price,
        t1_0.start_station,
        t1_0.total_seats,
        t1_0.train_number 
    from
        trains t1_0 
    where
        t1_0.id=?
Hibernate: 
    select
        t1_0.id,
        t1_0.arrival_time,
        t1_0.available_seats,
        t1_0.departure_time,
        t1_0.end_station,
        t1_0.price,
        t1_0.start_station,
        t1_0.total_seats,
        t1_0.train_number 
    from
        trains t1_0 
    where
        t1_0.id=?
Hibernate: 
    insert 
    into
        orders
        (create_time, order_no, passenger_id, pay_time, pay_trade_no, pay_type, price, status, train_id, user_id) 
    values
        (?, ?, ?, ?, ?, ?, ?, ?, ?, ?)
Hibernate: 
    select
        o1_0.id,
        o1_0.create_time,
        o1_0.order_no,
        o1_0.passenger_id,
        o1_0.pay_time,
        o1_0.pay_trade_no,
        o1_0.pay_type,
        o1_0.price,
        o1_0.status,
        o1_0.train_id,
        o1_0.user_id 
    from
        orders o1_0 
    where
        o1_0.id=?
Hibernate: 
    select
        o1_0.id,
        o1_0.create_time,
        o1_0.order_no,
        o1_0.passenger_id,
        o1_0.pay_time,
        o1_0.pay_trade_no,
        o1_0.pay_type,
        o1_0.price,
        o1_0.status,
        o1_0.train_id,
        o1_0.user_id 
    from
        orders o1_0 
    where
        o1_0.user_id=?
Hibernate: 
    select
        p1_0.id,
        p1_0.id_card,
        p1_0.name,
        p1_0.phone,
        p1_0.user_id 
    from
        passengers p1_0 
    where
        p1_0.id=?
Hibernate: 
    select
        t1_0.id,
        t1_0.arrival_time,
        t1_0.available_seats,
        t1_0.departure_time,
        t1_0.end_station,
        t1_0.price,
        t1_0.start_station,
        t1_0.total_seats,
        t1_0.train_number 
    from
        trains t1_0 
    where
        t1_0.id=?
Hibernate: 
    select
        t1_0.id,
        t1_0.arrival_time,
        t1_0.available_seats,
        t1_0.departure_time,
        t1_0.end_station,
        t1_0.price,
        t1_0.start_station,
        t1_0.total_seats,
        t1_0.train_number 
    from
        trains t1_0 
    where
        t1_0.id=?
Hibernate: 
    select
        o1_0.id,
        o1_0.create_time,
        o1_0.order_no,
        o1_0.passenger_id,
        o1_0.pay_time,
        o1_0.pay_trade_no,
        o1_0.pay_type,
        o1_0.price,
        o1_0.status,
        o1_0.train_id,
        o1_0.user_id 
    from
        orders o1_0 
    where
        o1_0.user_id=?
Hibernate: 
    select
        p1_0.id,
        p1_0.id_card,
        p1_0.name,
        p1_0.phone,
        p1_0.user_id 
    from
        passengers p1_0 
    where
        p1_0.id=?
Hibernate: 
    select
        t1_0.id,
        t1_0.arrival_time,
        t1_0.available_seats,
        t1_0.departure_time,
        t1_0.end_station,
        t1_0.price,
        t1_0.start_station,
        t1_0.total_seats,
        t1_0.train_number 
    from
        trains t1_0 
    where
        t1_0.id=?
Hibernate: 
    select
        t1_0.id,
        t1_0.arrival_time,
        t1_0.available_seats,
        t1_0.departure_time,
        t1_0.end_station,
        t1_0.price,
        t1_0.start_station,
        t1_0.total_seats,
        t1_0.train_number 
    from
        trains t1_0 
    where
        t1_0.id=?
Hibernate: 
    select
        o1_0.id,
        o1_0.create_time,
        o1_0.order_no,
        o1_0.passenger_id,
        o1_0.pay_time,
        o1_0.pay_trade_no,
        o1_0.pay_type,
        o1_0.price,
        o1_0.status,
        o1_0.train_id,
        o1_0.user_id 
    from
        orders o1_0 
    where
        o1_0.user_id=?
Hibernate: 
    select
        t1_0.id,
        t1_0.arrival_time,
        t1_0.available_seats,
        t1_0.departure_time,
        t1_0.end_station,
        t1_0.price,
        t1_0.start_station,
        t1_0.total_seats,
        t1_0.train_number 
    from
        trains t1_0 
    where
        t1_0.id=?
Hibernate: 
    select
        t1_0.id,
        t1_0.arrival_time,
        t1_0.available_seats,
        t1_0.departure_time,
        t1_0.end_station,
        t1_0.price,
        t1_0.start_station,
        t1_0.total_seats,
        t1_0.train_number 
    from
        trains t1_0 
    where
        t1_0.id=?
Hibernate: 
    select
        p1_0.id,
        p1_0.id_card,
        p1_0.name,
        p1_0.phone,
        p1_0.user_id 
    from
        passengers p1_0 
    where
        p1_0.id=?
Hibernate: 
    select
        o1_0.id,
        o1_0.create_time,
        o1_0.order_no,
        o1_0.passenger_id,
        o1_0.pay_time,
        o1_0.pay_trade_no,
        o1_0.pay_type,
        o1_0.price,
        o1_0.status,
        o1_0.train_id,
        o1_0.user_id 
    from
        orders o1_0 
    where
        o1_0.order_no=?
Hibernate: 
    select
        t1_0.id,
        t1_0.arrival_time,
        t1_0.available_seats,
        t1_0.departure_time,
        t1_0.end_station,
        t1_0.price,
        t1_0.start_station,
        t1_0.total_seats,
        t1_0.train_number 
    from
        trains t1_0 
    where
        t1_0.id=?
Hibernate: 
    insert 
    into
        tickets
        (issue_time, order_id, passenger_id, seat_number, seat_type, status, ticket_no) 
    values
        (?, ?, ?, ?, ?, ?, ?)
Hibernate: 
    insert 
    into
        bills
        (amount, bill_no, create_time, description, order_id, status, type, user_id) 
    values
        (?, ?, ?, ?, ?, ?, ?, ?)
Hibernate: 
    update
        orders 
    set
        create_time=?,
        order_no=?,
        passenger_id=?,
        pay_time=?,
        pay_trade_no=?,
        pay_type=?,
        price=?,
        status=?,
        train_id=?,
        user_id=? 
    where
        id=?
Hibernate: 
    update
        trains 
    set
        arrival_time=?,
        available_seats=?,
        departure_time=?,
        end_station=?,
        price=?,
        start_station=?,
        total_seats=?,
        train_number=? 
    where
        id=?
Hibernate: 
    select
        o1_0.id,
        o1_0.create_time,
        o1_0.order_no,
        o1_0.passenger_id,
        o1_0.pay_time,
        o1_0.pay_trade_no,
        o1_0.pay_type,
        o1_0.price,
        o1_0.status,
        o1_0.train_id,
        o1_0.user_id 
    from
        orders o1_0 
    where
        o1_0.user_id=?
Hibernate: 
    select
        t1_0.id,
        t1_0.arrival_time,
        t1_0.available_seats,
        t1_0.departure_time,
        t1_0.end_station,
        t1_0.price,
        t1_0.start_station,
        t1_0.total_seats,
        t1_0.train_number 
    from
        trains t1_0 
    where
        t1_0.id=?
Hibernate: 
    select
        t1_0.id,
        t1_0.arrival_time,
        t1_0.available_seats,
        t1_0.departure_time,
        t1_0.end_station,
        t1_0.price,
        t1_0.start_station,
        t1_0.total_seats,
        t1_0.train_number 
    from
        trains t1_0 
    where
        t1_0.id=?
Hibernate: 
    select
        p1_0.id,
        p1_0.id_card,
        p1_0.name,
        p1_0.phone,
        p1_0.user_id 
    from
        passengers p1_0 
    where
        p1_0.id=?
Hibernate: 
    select
        o1_0.id,
        o1_0.create_time,
        o1_0.order_no,
        o1_0.passenger_id,
        o1_0.pay_time,
        o1_0.pay_trade_no,
        o1_0.pay_type,
        o1_0.price,
        o1_0.status,
        o1_0.train_id,
        o1_0.user_id 
    from
        orders o1_0 
    where
        o1_0.id=?
2026-06-12T16:27:33.591+08:00  WARN 73748 --- [demo] [nio-8080-exec-7] .m.m.a.ExceptionHandlerExceptionResolver : Resolved [java.lang.RuntimeException: 订单状态异常，无法支付]
Hibernate: 
    select
        o1_0.id,
        o1_0.create_time,
        o1_0.order_no,
        o1_0.passenger_id,
        o1_0.pay_time,
        o1_0.pay_trade_no,
        o1_0.pay_type,
        o1_0.price,
        o1_0.status,
        o1_0.train_id,
        o1_0.user_id 
    from
        orders o1_0 
    where
        o1_0.id=?
2026-06-12T16:27:34.972+08:00  WARN 73748 --- [demo] [nio-8080-exec-6] .m.m.a.ExceptionHandlerExceptionResolver : Resolved [java.lang.RuntimeException: 订单状态异常，无法支付]
Hibernate: 
    select
        o1_0.id,
        o1_0.create_time,
        o1_0.order_no,
        o1_0.passenger_id,
        o1_0.pay_time,
        o1_0.pay_trade_no,
        o1_0.pay_type,
        o1_0.price,
        o1_0.status,
        o1_0.train_id,
        o1_0.user_id 
    from
        orders o1_0 
    where
        o1_0.id=?
Hibernate: 
    select
        o1_0.id,
        o1_0.create_time,
        o1_0.order_no,
        o1_0.passenger_id,
        o1_0.pay_time,
        o1_0.pay_trade_no,
        o1_0.pay_type,
        o1_0.price,
        o1_0.status,
        o1_0.train_id,
        o1_0.user_id 
    from
        orders o1_0 
    where
        o1_0.user_id=?
Hibernate: 
    select
        p1_0.id,
        p1_0.id_card,
        p1_0.name,
        p1_0.phone,
        p1_0.user_id 
    from
        passengers p1_0 
    where
        p1_0.id=?
Hibernate: 
    select
        t1_0.id,
        t1_0.arrival_time,
        t1_0.available_seats,
        t1_0.departure_time,
        t1_0.end_station,
        t1_0.price,
        t1_0.start_station,
        t1_0.total_seats,
        t1_0.train_number 
    from
        trains t1_0 
    where
        t1_0.id=?
Hibernate: 
    select
        t1_0.id,
        t1_0.arrival_time,
        t1_0.available_seats,
        t1_0.departure_time,
        t1_0.end_station,
        t1_0.price,
        t1_0.start_station,
        t1_0.total_seats,
        t1_0.train_number 
    from
        trains t1_0 
    where
        t1_0.id=?
Hibernate: 
    select
        o1_0.id,
        o1_0.create_time,
        o1_0.order_no,
        o1_0.passenger_id,
        o1_0.pay_time,
        o1_0.pay_trade_no,
        o1_0.pay_type,
        o1_0.price,
        o1_0.status,
        o1_0.train_id,
        o1_0.user_id 
    from
        orders o1_0 
    where
        o1_0.user_id=?
Hibernate: 
    select
        t1_0.id,
        t1_0.arrival_time,
        t1_0.available_seats,
        t1_0.departure_time,
        t1_0.end_station,
        t1_0.price,
        t1_0.start_station,
        t1_0.total_seats,
        t1_0.train_number 
    from
        trains t1_0 
    where
        t1_0.id=?
Hibernate: 
    select
        t1_0.id,
        t1_0.arrival_time,
        t1_0.available_seats,
        t1_0.departure_time,
        t1_0.end_station,
        t1_0.price,
        t1_0.start_station,
        t1_0.total_seats,
        t1_0.train_number 
    from
        trains t1_0 
    where
        t1_0.id=?
Hibernate: 
    select
        p1_0.id,
        p1_0.id_card,
        p1_0.name,
        p1_0.phone,
        p1_0.user_id 
    from
        passengers p1_0 
    where
        p1_0.id=?
Hibernate: 
    select
        t1_0.id,
        t1_0.arrival_time,
        t1_0.available_seats,
        t1_0.departure_time,
        t1_0.end_station,
        t1_0.price,
        t1_0.start_station,
        t1_0.total_seats,
        t1_0.train_number 
    from
        trains t1_0 
    where
        t1_0.start_station like ? escape '\\' 
        and t1_0.end_station like ? escape '\\'
Hibernate: 
    select
        t1_0.id,
        t1_0.arrival_time,
        t1_0.available_seats,
        t1_0.departure_time,
        t1_0.end_station,
        t1_0.price,
        t1_0.start_station,
        t1_0.total_seats,
        t1_0.train_number 
    from
        trains t1_0 
    where
        t1_0.start_station like ? escape '\\'
Hibernate: 
    select
        o1_0.id,
        o1_0.create_time,
        o1_0.order_no,
        o1_0.passenger_id,
        o1_0.pay_time,
        o1_0.pay_trade_no,
        o1_0.pay_type,
        o1_0.price,
        o1_0.status,
        o1_0.train_id,
        o1_0.user_id 
    from
        orders o1_0 
    where
        o1_0.id=?
Hibernate: 
    select
        t1_0.id,
        t1_0.arrival_time,
        t1_0.available_seats,
        t1_0.departure_time,
        t1_0.end_station,
        t1_0.price,
        t1_0.start_station,
        t1_0.total_seats,
        t1_0.train_number 
    from
        trains t1_0 
    where
        t1_0.id=?
Hibernate: 
    select
        t1_0.id,
        t1_0.arrival_time,
        t1_0.available_seats,
        t1_0.departure_time,
        t1_0.end_station,
        t1_0.price,
        t1_0.start_station,
        t1_0.total_seats,
        t1_0.train_number 
    from
        trains t1_0 
    where
        t1_0.id=?
Hibernate: 
    insert 
    into
        bills
        (amount, bill_no, create_time, description, order_id, status, type, user_id) 
    values
        (?, ?, ?, ?, ?, ?, ?, ?)
Hibernate: 
    select
        t1_0.id,
        t1_0.issue_time,
        t1_0.order_id,
        t1_0.passenger_id,
        t1_0.seat_number,
        t1_0.seat_type,
        t1_0.status,
        t1_0.ticket_no 
    from
        tickets t1_0 
    where
        t1_0.order_id=?
Hibernate: 
    update
        orders 
    set
        create_time=?,
        order_no=?,
        passenger_id=?,
        pay_time=?,
        pay_trade_no=?,
        pay_type=?,
        price=?,
        status=?,
        train_id=?,
        user_id=? 
    where
        id=?
Hibernate: 
    update
        trains 
    set
        arrival_time=?,
        available_seats=?,
        departure_time=?,
        end_station=?,
        price=?,
        start_station=?,
        total_seats=?,
        train_number=? 
    where
        id=?
Hibernate: 
    update
        trains 
    set
        arrival_time=?,
        available_seats=?,
        departure_time=?,
        end_station=?,
        price=?,
        start_station=?,
        total_seats=?,
        train_number=? 
    where
        id=?
Hibernate: 
    update
        tickets 
    set
        issue_time=?,
        order_id=?,
        passenger_id=?,
        seat_number=?,
        seat_type=?,
        status=?,
        ticket_no=? 
    where
        id=?
Hibernate: 
    select
        o1_0.id,
        o1_0.create_time,
        o1_0.order_no,
        o1_0.passenger_id,
        o1_0.pay_time,
        o1_0.pay_trade_no,
        o1_0.pay_type,
        o1_0.price,
        o1_0.status,
        o1_0.train_id,
        o1_0.user_id 
    from
        orders o1_0 
    where
        o1_0.user_id=?
Hibernate: 
    select
        t1_0.id,
        t1_0.arrival_time,
        t1_0.available_seats,
        t1_0.departure_time,
        t1_0.end_station,
        t1_0.price,
        t1_0.start_station,
        t1_0.total_seats,
        t1_0.train_number 
    from
        trains t1_0 
    where
        t1_0.id=?
Hibernate: 
    select
        t1_0.id,
        t1_0.arrival_time,
        t1_0.available_seats,
        t1_0.departure_time,
        t1_0.end_station,
        t1_0.price,
        t1_0.start_station,
        t1_0.total_seats,
        t1_0.train_number 
    from
        trains t1_0 
    where
        t1_0.id=?
Hibernate: 
    select
        p1_0.id,
        p1_0.id_card,
        p1_0.name,
        p1_0.phone,
        p1_0.user_id 
    from
        passengers p1_0 
    where
        p1_0.id=?
Hibernate: 
    select
        o1_0.id,
        o1_0.create_time,
        o1_0.order_no,
        o1_0.passenger_id,
        o1_0.pay_time,
        o1_0.pay_trade_no,
        o1_0.pay_type,
        o1_0.price,
        o1_0.status,
        o1_0.train_id,
        o1_0.user_id 
    from
        orders o1_0 
    where
        o1_0.user_id=?
Hibernate: 
    select
        t1_0.id,
        t1_0.arrival_time,
        t1_0.available_seats,
        t1_0.departure_time,
        t1_0.end_station,
        t1_0.price,
        t1_0.start_station,
        t1_0.total_seats,
        t1_0.train_number 
    from
        trains t1_0 
    where
        t1_0.id=?
Hibernate: 
    select
        t1_0.id,
        t1_0.arrival_time,
        t1_0.available_seats,
        t1_0.departure_time,
        t1_0.end_station,
        t1_0.price,
        t1_0.start_station,
        t1_0.total_seats,
        t1_0.train_number 
    from
        trains t1_0 
    where
        t1_0.id=?
Hibernate: 
    select
        p1_0.id,
        p1_0.id_card,
        p1_0.name,
        p1_0.phone,
        p1_0.user_id 
    from
        passengers p1_0 
    where
        p1_0.id=?
Hibernate: 
    select
        p1_0.id,
        p1_0.id_card,
        p1_0.name,
        p1_0.phone,
        p1_0.user_id 
    from
        passengers p1_0 
    where
        p1_0.user_id=?
Hibernate: 
    select
        u1_0.id,
        u1_0.create_time,
        u1_0.id_card,
        u1_0.password,
        u1_0.phone,
        u1_0.real_name,
        u1_0.role,
        u1_0.username 
    from
        users u1_0 
    where
        u1_0.id=?
Hibernate: 
    select
        t1_0.id,
        t1_0.arrival_time,
        t1_0.available_seats,
        t1_0.departure_time,
        t1_0.end_station,
        t1_0.price,
        t1_0.start_station,
        t1_0.total_seats,
        t1_0.train_number 
    from
        trains t1_0
Hibernate: 
    select
        u1_0.id,
        u1_0.create_time,
        u1_0.id_card,
        u1_0.password,
        u1_0.phone,
        u1_0.real_name,
        u1_0.role,
        u1_0.username 
    from
        users u1_0 
    where
        u1_0.id=?
Hibernate: 
    select
        o1_0.id,
        o1_0.create_time,
        o1_0.order_no,
        o1_0.passenger_id,
        o1_0.pay_time,
        o1_0.pay_trade_no,
        o1_0.pay_type,
        o1_0.price,
        o1_0.status,
        o1_0.train_id,
        o1_0.user_id 
    from
        orders o1_0 
    where
        o1_0.user_id=?
Hibernate: 
    select
        t1_0.id,
        t1_0.arrival_time,
        t1_0.available_seats,
        t1_0.departure_time,
        t1_0.end_station,
        t1_0.price,
        t1_0.start_station,
        t1_0.total_seats,
        t1_0.train_number 
    from
        trains t1_0 
    where
        t1_0.id=?
Hibernate: 
    select
        p1_0.id,
        p1_0.id_card,
        p1_0.name,
        p1_0.phone,
        p1_0.user_id 
    from
        passengers p1_0 
    where
        p1_0.id=?
Hibernate: 
    select
        t1_0.id,
        t1_0.arrival_time,
        t1_0.available_seats,
        t1_0.departure_time,
        t1_0.end_station,
        t1_0.price,
        t1_0.start_station,
        t1_0.total_seats,
        t1_0.train_number 
    from
        trains t1_0 
    where
        t1_0.id=?
Hibernate: 
    select
        p1_0.id,
        p1_0.id_card,
        p1_0.name,
        p1_0.phone,
        p1_0.user_id 
    from
        passengers p1_0 
    where
        p1_0.user_id=?
Hibernate: 
    select
        o1_0.id,
        o1_0.create_time,
        o1_0.order_no,
        o1_0.passenger_id,
        o1_0.pay_time,
        o1_0.pay_trade_no,
        o1_0.pay_type,
        o1_0.price,
        o1_0.status,
        o1_0.train_id,
        o1_0.user_id 
    from
        orders o1_0 
    where
        o1_0.user_id=?
Hibernate: 
    select
        t1_0.id,
        t1_0.arrival_time,
        t1_0.available_seats,
        t1_0.departure_time,
        t1_0.end_station,
        t1_0.price,
        t1_0.start_station,
        t1_0.total_seats,
        t1_0.train_number 
    from
        trains t1_0 
    where
        t1_0.start_station like ? escape '\\'
Hibernate: 
    select
        p1_0.id,
        p1_0.id_card,
        p1_0.name,
        p1_0.phone,
        p1_0.user_id 
    from
        passengers p1_0 
    where
        p1_0.user_id=?
Hibernate: 
    select
        t1_0.id,
        t1_0.arrival_time,
        t1_0.available_seats,
        t1_0.departure_time,
        t1_0.end_station,
        t1_0.price,
        t1_0.start_station,
        t1_0.total_seats,
        t1_0.train_number 
    from
        trains t1_0 
    where
        t1_0.id=?
Hibernate: 
    select
        t1_0.id,
        t1_0.arrival_time,
        t1_0.available_seats,
        t1_0.departure_time,
        t1_0.end_station,
        t1_0.price,
        t1_0.start_station,
        t1_0.total_seats,
        t1_0.train_number 
    from
        trains t1_0 
    where
        t1_0.id=?
Hibernate: 
    insert 
    into
        orders
        (create_time, order_no, passenger_id, pay_time, pay_trade_no, pay_type, price, status, train_id, user_id) 
    values
        (?, ?, ?, ?, ?, ?, ?, ?, ?, ?)
Hibernate: 
    select
        o1_0.id,
        o1_0.create_time,
        o1_0.order_no,
        o1_0.passenger_id,
        o1_0.pay_time,
        o1_0.pay_trade_no,
        o1_0.pay_type,
        o1_0.price,
        o1_0.status,
        o1_0.train_id,
        o1_0.user_id 
    from
        orders o1_0 
    where
        o1_0.id=?
Hibernate: 
    select
        o1_0.id,
        o1_0.create_time,
        o1_0.order_no,
        o1_0.passenger_id,
        o1_0.pay_time,
        o1_0.pay_trade_no,
        o1_0.pay_type,
        o1_0.price,
        o1_0.status,
        o1_0.train_id,
        o1_0.user_id 
    from
        orders o1_0 
    where
        o1_0.user_id=?
Hibernate: 
    select
        o1_0.id,
        o1_0.create_time,
        o1_0.order_no,
        o1_0.passenger_id,
        o1_0.pay_time,
        o1_0.pay_trade_no,
        o1_0.pay_type,
        o1_0.price,
        o1_0.status,
        o1_0.train_id,
        o1_0.user_id 
    from
        orders o1_0 
    where
        o1_0.user_id=?
Hibernate: 
    select
        p1_0.id,
        p1_0.id_card,
        p1_0.name,
        p1_0.phone,
        p1_0.user_id 
    from
        passengers p1_0 
    where
        p1_0.user_id=?
Hibernate: 
    select
        o1_0.id,
        o1_0.create_time,
        o1_0.order_no,
        o1_0.passenger_id,
        o1_0.pay_time,
        o1_0.pay_trade_no,
        o1_0.pay_type,
        o1_0.price,
        o1_0.status,
        o1_0.train_id,
        o1_0.user_id 
    from
        orders o1_0 
    where
        o1_0.user_id=?
Hibernate: 
    select
        o1_0.id,
        o1_0.create_time,
        o1_0.order_no,
        o1_0.passenger_id,
        o1_0.pay_time,
        o1_0.pay_trade_no,
        o1_0.pay_type,
        o1_0.price,
        o1_0.status,
        o1_0.train_id,
        o1_0.user_id 
    from
        orders o1_0 
    where
        o1_0.user_id=?
Hibernate: 
    select
        o1_0.id,
        o1_0.create_time,
        o1_0.order_no,
        o1_0.passenger_id,
        o1_0.pay_time,
        o1_0.pay_trade_no,
        o1_0.pay_type,
        o1_0.price,
        o1_0.status,
        o1_0.train_id,
        o1_0.user_id 
    from
        orders o1_0 
    where
        o1_0.user_id=?
Hibernate: 
    select
        o1_0.id,
        o1_0.create_time,
        o1_0.order_no,
        o1_0.passenger_id,
        o1_0.pay_time,
        o1_0.pay_trade_no,
        o1_0.pay_type,
        o1_0.price,
        o1_0.status,
        o1_0.train_id,
        o1_0.user_id 
    from
        orders o1_0 
    where
        o1_0.user_id=?
Hibernate: 
    select
        o1_0.id,
        o1_0.create_time,
        o1_0.order_no,
        o1_0.passenger_id,
        o1_0.pay_time,
        o1_0.pay_trade_no,
        o1_0.pay_type,
        o1_0.price,
        o1_0.status,
        o1_0.train_id,
        o1_0.user_id 
    from
        orders o1_0 
    where
        o1_0.user_id=?
Hibernate: 
    select
        o1_0.id,
        o1_0.create_time,
        o1_0.order_no,
        o1_0.passenger_id,
        o1_0.pay_time,
        o1_0.pay_trade_no,
        o1_0.pay_type,
        o1_0.price,
        o1_0.status,
        o1_0.train_id,
        o1_0.user_id 
    from
        orders o1_0 
    where
        o1_0.user_id=?
Hibernate: 
    select
        o1_0.id,
        o1_0.create_time,
        o1_0.order_no,
        o1_0.passenger_id,
        o1_0.pay_time,
        o1_0.pay_trade_no,
        o1_0.pay_type,
        o1_0.price,
        o1_0.status,
        o1_0.train_id,
        o1_0.user_id 
    from
        orders o1_0 
    where
        o1_0.user_id=?
Hibernate: 
    select
        o1_0.id,
        o1_0.create_time,
        o1_0.order_no,
        o1_0.passenger_id,
        o1_0.pay_time,
        o1_0.pay_trade_no,
        o1_0.pay_type,
        o1_0.price,
        o1_0.status,
        o1_0.train_id,
        o1_0.user_id 
    from
        orders o1_0 
    where
        o1_0.user_id=?
Hibernate: 
    select
        o1_0.id,
        o1_0.create_time,
        o1_0.order_no,
        o1_0.passenger_id,
        o1_0.pay_time,
        o1_0.pay_trade_no,
        o1_0.pay_type,
        o1_0.price,
        o1_0.status,
        o1_0.train_id,
        o1_0.user_id 
    from
        orders o1_0 
    where
        o1_0.user_id=?
Hibernate: 
    select
        o1_0.id,
        o1_0.create_time,
        o1_0.order_no,
        o1_0.passenger_id,
        o1_0.pay_time,
        o1_0.pay_trade_no,
        o1_0.pay_type,
        o1_0.price,
        o1_0.status,
        o1_0.train_id,
        o1_0.user_id 
    from
        orders o1_0 
    where
        o1_0.user_id=?
Hibernate: 
    select
        o1_0.id,
        o1_0.create_time,
        o1_0.order_no,
        o1_0.passenger_id,
        o1_0.pay_time,
        o1_0.pay_trade_no,
        o1_0.pay_type,
        o1_0.price,
        o1_0.status,
        o1_0.train_id,
        o1_0.user_id 
    from
        orders o1_0 
    where
        o1_0.user_id=?
Hibernate: 
    select
        o1_0.id,
        o1_0.create_time,
        o1_0.order_no,
        o1_0.passenger_id,
        o1_0.pay_time,
        o1_0.pay_trade_no,
        o1_0.pay_type,
        o1_0.price,
        o1_0.status,
        o1_0.train_id,
        o1_0.user_id 
    from
        orders o1_0 
    where
        o1_0.user_id=?
Hibernate: 
    select
        o1_0.id,
        o1_0.create_time,
        o1_0.order_no,
        o1_0.passenger_id,
        o1_0.pay_time,
        o1_0.pay_trade_no,
        o1_0.pay_type,
        o1_0.price,
        o1_0.status,
        o1_0.train_id,
        o1_0.user_id 
    from
        orders o1_0 
    where
        o1_0.user_id=?
Hibernate: 
    select
        o1_0.id,
        o1_0.create_time,
        o1_0.order_no,
        o1_0.passenger_id,
        o1_0.pay_time,
        o1_0.pay_trade_no,
        o1_0.pay_type,
        o1_0.price,
        o1_0.status,
        o1_0.train_id,
        o1_0.user_id 
    from
        orders o1_0 
    where
        o1_0.user_id=?
Hibernate: 
    select
        o1_0.id,
        o1_0.create_time,
        o1_0.order_no,
        o1_0.passenger_id,
        o1_0.pay_time,
        o1_0.pay_trade_no,
        o1_0.pay_type,
        o1_0.price,
        o1_0.status,
        o1_0.train_id,
        o1_0.user_id 
    from
        orders o1_0 
    where
        o1_0.user_id=?
Hibernate: 
    select
        o1_0.id,
        o1_0.create_time,
        o1_0.order_no,
        o1_0.passenger_id,
        o1_0.pay_time,
        o1_0.pay_trade_no,
        o1_0.pay_type,
        o1_0.price,
        o1_0.status,
        o1_0.train_id,
        o1_0.user_id 
    from
        orders o1_0 
    where
        o1_0.user_id=?
Hibernate: 
    select
        o1_0.id,
        o1_0.create_time,
        o1_0.order_no,
        o1_0.passenger_id,
        o1_0.pay_time,
        o1_0.pay_trade_no,
        o1_0.pay_type,
        o1_0.price,
        o1_0.status,
        o1_0.train_id,
        o1_0.user_id 
    from
        orders o1_0 
    where
        o1_0.user_id=?
Hibernate: 
    select
        o1_0.id,
        o1_0.create_time,
        o1_0.order_no,
        o1_0.passenger_id,
        o1_0.pay_time,
        o1_0.pay_trade_no,
        o1_0.pay_type,
        o1_0.price,
        o1_0.status,
        o1_0.train_id,
        o1_0.user_id 
    from
        orders o1_0 
    where
        o1_0.user_id=?
Hibernate: 
    select
        o1_0.id,
        o1_0.create_time,
        o1_0.order_no,
        o1_0.passenger_id,
        o1_0.pay_time,
        o1_0.pay_trade_no,
        o1_0.pay_type,
        o1_0.price,
        o1_0.status,
        o1_0.train_id,
        o1_0.user_id 
    from
        orders o1_0 
    where
        o1_0.user_id=?
Hibernate: 
    select
        o1_0.id,
        o1_0.create_time,
        o1_0.order_no,
        o1_0.passenger_id,
        o1_0.pay_time,
        o1_0.pay_trade_no,
        o1_0.pay_type,
        o1_0.price,
        o1_0.status,
        o1_0.train_id,
        o1_0.user_id 
    from
        orders o1_0 
    where
        o1_0.user_id=?
Hibernate: 
    select
        o1_0.id,
        o1_0.create_time,
        o1_0.order_no,
        o1_0.passenger_id,
        o1_0.pay_time,
        o1_0.pay_trade_no,
        o1_0.pay_type,
        o1_0.price,
        o1_0.status,
        o1_0.train_id,
        o1_0.user_id 
    from
        orders o1_0 
    where
        o1_0.id=?
Hibernate: 
    select
        t1_0.id,
        t1_0.arrival_time,
        t1_0.available_seats,
        t1_0.departure_time,
        t1_0.end_station,
        t1_0.price,
        t1_0.start_station,
        t1_0.total_seats,
        t1_0.train_number 
    from
        trains t1_0 
    where
        t1_0.id=?
Hibernate: 
    insert 
    into
        tickets
        (issue_time, order_id, passenger_id, seat_number, seat_type, status, ticket_no) 
    values
        (?, ?, ?, ?, ?, ?, ?)
Hibernate: 
    insert 
    into
        bills
        (amount, bill_no, create_time, description, order_id, status, type, user_id) 
    values
        (?, ?, ?, ?, ?, ?, ?, ?)
Hibernate: 
    update
        orders 
    set
        create_time=?,
        order_no=?,
        passenger_id=?,
        pay_time=?,
        pay_trade_no=?,
        pay_type=?,
        price=?,
        status=?,
        train_id=?,
        user_id=? 
    where
        id=?
Hibernate: 
    update
        trains 
    set
        arrival_time=?,
        available_seats=?,
        departure_time=?,
        end_station=?,
        price=?,
        start_station=?,
        total_seats=?,
        train_number=? 
    where
        id=?
Hibernate: 
    select
        o1_0.id,
        o1_0.create_time,
        o1_0.order_no,
        o1_0.passenger_id,
        o1_0.pay_time,
        o1_0.pay_trade_no,
        o1_0.pay_type,
        o1_0.price,
        o1_0.status,
        o1_0.train_id,
        o1_0.user_id 
    from
        orders o1_0 
    where
        o1_0.user_id=?
Hibernate: 
    select
        o1_0.id,
        o1_0.create_time,
        o1_0.order_no,
        o1_0.passenger_id,
        o1_0.pay_time,
        o1_0.pay_trade_no,
        o1_0.pay_type,
        o1_0.price,
        o1_0.status,
        o1_0.train_id,
        o1_0.user_id 
    from
        orders o1_0 
    where
        o1_0.id=?
Hibernate: 
    select
        t1_0.id,
        t1_0.arrival_time,
        t1_0.available_seats,
        t1_0.departure_time,
        t1_0.end_station,
        t1_0.price,
        t1_0.start_station,
        t1_0.total_seats,
        t1_0.train_number 
    from
        trains t1_0 
    where
        t1_0.id=?
Hibernate: 
    select
        t1_0.id,
        t1_0.issue_time,
        t1_0.order_id,
        t1_0.passenger_id,
        t1_0.seat_number,
        t1_0.seat_type,
        t1_0.status,
        t1_0.ticket_no 
    from
        tickets t1_0 
    where
        t1_0.order_id=?
Hibernate: 
    insert 
    into
        bills
        (amount, bill_no, create_time, description, order_id, status, type, user_id) 
    values
        (?, ?, ?, ?, ?, ?, ?, ?)
Hibernate: 
    update
        orders 
    set
        create_time=?,
        order_no=?,
        passenger_id=?,
        pay_time=?,
        pay_trade_no=?,
        pay_type=?,
        price=?,
        status=?,
        train_id=?,
        user_id=? 
    where
        id=?
Hibernate: 
    update
        trains 
    set
        arrival_time=?,
        available_seats=?,
        departure_time=?,
        end_station=?,
        price=?,
        start_station=?,
        total_seats=?,
        train_number=? 
    where
        id=?
Hibernate: 
    update
        tickets 
    set
        issue_time=?,
        order_id=?,
        passenger_id=?,
        seat_number=?,
        seat_type=?,
        status=?,
        ticket_no=? 
    where
        id=?
Hibernate: 
    select
        o1_0.id,
        o1_0.create_time,
        o1_0.order_no,
        o1_0.passenger_id,
        o1_0.pay_time,
        o1_0.pay_trade_no,
        o1_0.pay_type,
        o1_0.price,
        o1_0.status,
        o1_0.train_id,
        o1_0.user_id 
    from
        orders o1_0 
    where
        o1_0.user_id=?
Hibernate: 
    select
        o1_0.id,
        o1_0.create_time,
        o1_0.order_no,
        o1_0.passenger_id,
        o1_0.pay_time,
        o1_0.pay_trade_no,
        o1_0.pay_type,
        o1_0.price,
        o1_0.status,
        o1_0.train_id,
        o1_0.user_id 
    from
        orders o1_0 
    where
        o1_0.user_id=?
Hibernate: 
    select
        u1_0.id,
        u1_0.create_time,
        u1_0.id_card,
        u1_0.password,
        u1_0.phone,
        u1_0.real_name,
        u1_0.role,
        u1_0.username 
    from
        users u1_0 
    where
        u1_0.id=?
Hibernate: 
    select
        u1_0.id,
        u1_0.create_time,
        u1_0.id_card,
        u1_0.password,
        u1_0.phone,
        u1_0.real_name,
        u1_0.role,
        u1_0.username 
    from
        users u1_0 
    where
        u1_0.username=?
Hibernate: 
    select
        o1_0.id,
        o1_0.create_time,
        o1_0.order_no,
        o1_0.passenger_id,
        o1_0.pay_time,
        o1_0.pay_trade_no,
        o1_0.pay_type,
        o1_0.price,
        o1_0.status,
        o1_0.train_id,
        o1_0.user_id 
    from
        orders o1_0 
    where
        o1_0.user_id=?
Hibernate: 
    select
        p1_0.id,
        p1_0.id_card,
        p1_0.name,
        p1_0.phone,
        p1_0.user_id 
    from
        passengers p1_0 
    where
        p1_0.user_id=?
Hibernate: 
    select
        o1_0.id,
        o1_0.create_time,
        o1_0.order_no,
        o1_0.passenger_id,
        o1_0.pay_time,
        o1_0.pay_trade_no,
        o1_0.pay_type,
        o1_0.price,
        o1_0.status,
        o1_0.train_id,
        o1_0.user_id 
    from
        orders o1_0 
    where
        o1_0.user_id=?
Hibernate: 
    select
        t1_0.id,
        t1_0.arrival_time,
        t1_0.available_seats,
        t1_0.departure_time,
        t1_0.end_station,
        t1_0.price,
        t1_0.start_station,
        t1_0.total_seats,
        t1_0.train_number 
    from
        trains t1_0 
    where
        t1_0.start_station like ? escape '\\'
Hibernate: 
    select
        p1_0.id,
        p1_0.id_card,
        p1_0.name,
        p1_0.phone,
        p1_0.user_id 
    from
        passengers p1_0 
    where
        p1_0.user_id=?
Hibernate: 
    select
        t1_0.id,
        t1_0.arrival_time,
        t1_0.available_seats,
        t1_0.departure_time,
        t1_0.end_station,
        t1_0.price,
        t1_0.start_station,
        t1_0.total_seats,
        t1_0.train_number 
    from
        trains t1_0 
    where
        t1_0.id=?
Hibernate: 
    select
        t1_0.id,
        t1_0.arrival_time,
        t1_0.available_seats,
        t1_0.departure_time,
        t1_0.end_station,
        t1_0.price,
        t1_0.start_station,
        t1_0.total_seats,
        t1_0.train_number 
    from
        trains t1_0 
    where
        t1_0.id=?
Hibernate: 
    insert 
    into
        orders
        (create_time, order_no, passenger_id, pay_time, pay_trade_no, pay_type, price, status, train_id, user_id) 
    values
        (?, ?, ?, ?, ?, ?, ?, ?, ?, ?)
Hibernate: 
    select
        o1_0.id,
        o1_0.create_time,
        o1_0.order_no,
        o1_0.passenger_id,
        o1_0.pay_time,
        o1_0.pay_trade_no,
        o1_0.pay_type,
        o1_0.price,
        o1_0.status,
        o1_0.train_id,
        o1_0.user_id 
    from
        orders o1_0 
    where
        o1_0.id=?
Hibernate: 
    select
        o1_0.id,
        o1_0.create_time,
        o1_0.order_no,
        o1_0.passenger_id,
        o1_0.pay_time,
        o1_0.pay_trade_no,
        o1_0.pay_type,
        o1_0.price,
        o1_0.status,
        o1_0.train_id,
        o1_0.user_id 
    from
        orders o1_0 
    where
        o1_0.user_id=?
Hibernate: 
    select
        o1_0.id,
        o1_0.create_time,
        o1_0.order_no,
        o1_0.passenger_id,
        o1_0.pay_time,
        o1_0.pay_trade_no,
        o1_0.pay_type,
        o1_0.price,
        o1_0.status,
        o1_0.train_id,
        o1_0.user_id 
    from
        orders o1_0 
    where
        o1_0.order_no=?
Hibernate: 
    select
        t1_0.id,
        t1_0.arrival_time,
        t1_0.available_seats,
        t1_0.departure_time,
        t1_0.end_station,
        t1_0.price,
        t1_0.start_station,
        t1_0.total_seats,
        t1_0.train_number 
    from
        trains t1_0 
    where
        t1_0.id=?
Hibernate: 
    insert 
    into
        tickets
        (issue_time, order_id, passenger_id, seat_number, seat_type, status, ticket_no) 
    values
        (?, ?, ?, ?, ?, ?, ?)
Hibernate: 
    insert 
    into
        bills
        (amount, bill_no, create_time, description, order_id, status, type, user_id) 
    values
        (?, ?, ?, ?, ?, ?, ?, ?)
Hibernate: 
    update
        orders 
    set
        create_time=?,
        order_no=?,
        passenger_id=?,
        pay_time=?,
        pay_trade_no=?,
        pay_type=?,
        price=?,
        status=?,
        train_id=?,
        user_id=? 
    where
        id=?
Hibernate: 
    update
        trains 
    set
        arrival_time=?,
        available_seats=?,
        departure_time=?,
        end_station=?,
        price=?,
        start_station=?,
        total_seats=?,
        train_number=? 
    where
        id=?
Hibernate: 
    select
        o1_0.id,
        o1_0.create_time,
        o1_0.order_no,
        o1_0.passenger_id,
        o1_0.pay_time,
        o1_0.pay_trade_no,
        o1_0.pay_type,
        o1_0.price,
        o1_0.status,
        o1_0.train_id,
        o1_0.user_id 
    from
        orders o1_0 
    where
        o1_0.user_id=?
Hibernate: 
    select
        t1_0.id,
        t1_0.arrival_time,
        t1_0.available_seats,
        t1_0.departure_time,
        t1_0.end_station,
        t1_0.price,
        t1_0.start_station,
        t1_0.total_seats,
        t1_0.train_number 
    from
        trains t1_0 
    where
        t1_0.id=?
Hibernate: 
    select
        t1_0.id,
        t1_0.arrival_time,
        t1_0.available_seats,
        t1_0.departure_time,
        t1_0.end_station,
        t1_0.price,
        t1_0.start_station,
        t1_0.total_seats,
        t1_0.train_number 
    from
        trains t1_0 
    where
        t1_0.id=?
Hibernate: 
    select
        p1_0.id,
        p1_0.id_card,
        p1_0.name,
        p1_0.phone,
        p1_0.user_id 
    from
        passengers p1_0 
    where
        p1_0.id=?
Hibernate: 
    select
        t1_0.id,
        t1_0.arrival_time,
        t1_0.available_seats,
        t1_0.departure_time,
        t1_0.end_station,
        t1_0.price,
        t1_0.start_station,
        t1_0.total_seats,
        t1_0.train_number 
    from
        trains t1_0 
    where
        t1_0.id=?
Hibernate: 
    select
        o1_0.id,
        o1_0.create_time,
        o1_0.order_no,
        o1_0.passenger_id,
        o1_0.pay_time,
        o1_0.pay_trade_no,
        o1_0.pay_type,
        o1_0.price,
        o1_0.status,
        o1_0.train_id,
        o1_0.user_id 
    from
        orders o1_0 
    where
        o1_0.user_id=?
Hibernate: 
    select
        o1_0.id,
        o1_0.create_time,
        o1_0.order_no,
        o1_0.passenger_id,
        o1_0.pay_time,
        o1_0.pay_trade_no,
        o1_0.pay_type,
        o1_0.price,
        o1_0.status,
        o1_0.train_id,
        o1_0.user_id 
    from
        orders o1_0 
    where
        o1_0.user_id=?
Hibernate: 
    select
        t1_0.id,
        t1_0.arrival_time,
        t1_0.available_seats,
        t1_0.departure_time,
        t1_0.end_station,
        t1_0.price,
        t1_0.start_station,
        t1_0.total_seats,
        t1_0.train_number 
    from
        trains t1_0 
    where
        t1_0.start_station like ? escape '\\' 
        and t1_0.end_station like ? escape '\\'
Hibernate: 
    select
        o1_0.id,
        o1_0.create_time,
        o1_0.order_no,
        o1_0.passenger_id,
        o1_0.pay_time,
        o1_0.pay_trade_no,
        o1_0.pay_type,
        o1_0.price,
        o1_0.status,
        o1_0.train_id,
        o1_0.user_id 
    from
        orders o1_0 
    where
        o1_0.id=?
Hibernate: 
    select
        t1_0.id,
        t1_0.arrival_time,
        t1_0.available_seats,
        t1_0.departure_time,
        t1_0.end_station,
        t1_0.price,
        t1_0.start_station,
        t1_0.total_seats,
        t1_0.train_number 
    from
        trains t1_0 
    where
        t1_0.id=?
Hibernate: 
    select
        t1_0.id,
        t1_0.arrival_time,
        t1_0.available_seats,
        t1_0.departure_time,
        t1_0.end_station,
        t1_0.price,
        t1_0.start_station,
        t1_0.total_seats,
        t1_0.train_number 
    from
        trains t1_0 
    where
        t1_0.id=?
Hibernate: 
    select
        t1_0.id,
        t1_0.issue_time,
        t1_0.order_id,
        t1_0.passenger_id,
        t1_0.seat_number,
        t1_0.seat_type,
        t1_0.status,
        t1_0.ticket_no 
    from
        tickets t1_0 
    where
        t1_0.order_id=?
Hibernate: 
    update
        orders 
    set
        create_time=?,
        order_no=?,
        passenger_id=?,
        pay_time=?,
        pay_trade_no=?,
        pay_type=?,
        price=?,
        status=?,
        train_id=?,
        user_id=? 
    where
        id=?
Hibernate: 
    update
        trains 
    set
        arrival_time=?,
        available_seats=?,
        departure_time=?,
        end_station=?,
        price=?,
        start_station=?,
        total_seats=?,
        train_number=? 
    where
        id=?
Hibernate: 
    update
        trains 
    set
        arrival_time=?,
        available_seats=?,
        departure_time=?,
        end_station=?,
        price=?,
        start_station=?,
        total_seats=?,
        train_number=? 
    where
        id=?
Hibernate: 
    update
        tickets 
    set
        issue_time=?,
        order_id=?,
        passenger_id=?,
        seat_number=?,
        seat_type=?,
        status=?,
        ticket_no=? 
    where
        id=?
Hibernate: 
    select
        o1_0.id,
        o1_0.create_time,
        o1_0.order_no,
        o1_0.passenger_id,
        o1_0.pay_time,
        o1_0.pay_trade_no,
        o1_0.pay_type,
        o1_0.price,
        o1_0.status,
        o1_0.train_id,
        o1_0.user_id 
    from
        orders o1_0 
    where
        o1_0.user_id=?
Hibernate: 
    select
        t1_0.id,
        t1_0.arrival_time,
        t1_0.available_seats,
        t1_0.departure_time,
        t1_0.end_station,
        t1_0.price,
        t1_0.start_station,
        t1_0.total_seats,
        t1_0.train_number 
    from
        trains t1_0 
    where
        t1_0.id=?
Hibernate: 
    select
        t1_0.id,
        t1_0.arrival_time,
        t1_0.available_seats,
        t1_0.departure_time,
        t1_0.end_station,
        t1_0.price,
        t1_0.start_station,
        t1_0.total_seats,
        t1_0.train_number 
    from
        trains t1_0 
    where
        t1_0.id=?
Hibernate: 
    select
        t1_0.id,
        t1_0.arrival_time,
        t1_0.available_seats,
        t1_0.departure_time,
        t1_0.end_station,
        t1_0.price,
        t1_0.start_station,
        t1_0.total_seats,
        t1_0.train_number 
    from
        trains t1_0 
    where
        t1_0.id=?
Hibernate: 
    select
        p1_0.id,
        p1_0.id_card,
        p1_0.name,
        p1_0.phone,
        p1_0.user_id 
    from
        passengers p1_0 
    where
        p1_0.id=?
Hibernate: 
    select
        o1_0.id,
        o1_0.create_time,
        o1_0.order_no,
        o1_0.passenger_id,
        o1_0.pay_time,
        o1_0.pay_trade_no,
        o1_0.pay_type,
        o1_0.price,
        o1_0.status,
        o1_0.train_id,
        o1_0.user_id 
    from
        orders o1_0 
    where
        o1_0.user_id=?
Hibernate: 
    select
        t1_0.id,
        t1_0.arrival_time,
        t1_0.available_seats,
        t1_0.departure_time,
        t1_0.end_station,
        t1_0.price,
        t1_0.start_station,
        t1_0.total_seats,
        t1_0.train_number 
    from
        trains t1_0 
    where
        t1_0.id=?
Hibernate: 
    select
        t1_0.id,
        t1_0.arrival_time,
        t1_0.available_seats,
        t1_0.departure_time,
        t1_0.end_station,
        t1_0.price,
        t1_0.start_station,
        t1_0.total_seats,
        t1_0.train_number 
    from
        trains t1_0 
    where
        t1_0.id=?
Hibernate: 
    select
        t1_0.id,
        t1_0.arrival_time,
        t1_0.available_seats,
        t1_0.departure_time,
        t1_0.end_station,
        t1_0.price,
        t1_0.start_station,
        t1_0.total_seats,
        t1_0.train_number 
    from
        trains t1_0 
    where
        t1_0.id=?
Hibernate: 
    select
        p1_0.id,
        p1_0.id_card,
        p1_0.name,
        p1_0.phone,
        p1_0.user_id 
    from
        passengers p1_0 
    where
        p1_0.id=?
Hibernate: 
    select
        o1_0.id,
        o1_0.create_time,
        o1_0.order_no,
        o1_0.passenger_id,
        o1_0.pay_time,
        o1_0.pay_trade_no,
        o1_0.pay_type,
        o1_0.price,
        o1_0.status,
        o1_0.train_id,
        o1_0.user_id 
    from
        orders o1_0 
    where
        o1_0.user_id=?
Hibernate: 
    select
        t1_0.id,
        t1_0.arrival_time,
        t1_0.available_seats,
        t1_0.departure_time,
        t1_0.end_station,
        t1_0.price,
        t1_0.start_station,
        t1_0.total_seats,
        t1_0.train_number 
    from
        trains t1_0
Hibernate: 
    select
        o1_0.id,
        o1_0.create_time,
        o1_0.order_no,
        o1_0.passenger_id,
        o1_0.pay_time,
        o1_0.pay_trade_no,
        o1_0.pay_type,
        o1_0.price,
        o1_0.status,
        o1_0.train_id,
        o1_0.user_id 
    from
        orders o1_0 
    where
        o1_0.user_id=?
Hibernate: 
    select
        t1_0.id,
        t1_0.arrival_time,
        t1_0.available_seats,
        t1_0.departure_time,
        t1_0.end_station,
        t1_0.price,
        t1_0.start_station,
        t1_0.total_seats,
        t1_0.train_number 
    from
        trains t1_0 
    where
        t1_0.id=?
Hibernate: 
    select
        t1_0.id,
        t1_0.arrival_time,
        t1_0.available_seats,
        t1_0.departure_time,
        t1_0.end_station,
        t1_0.price,
        t1_0.start_station,
        t1_0.total_seats,
        t1_0.train_number 
    from
        trains t1_0 
    where
        t1_0.id=?
Hibernate: 
    select
        t1_0.id,
        t1_0.arrival_time,
        t1_0.available_seats,
        t1_0.departure_time,
        t1_0.end_station,
        t1_0.price,
        t1_0.start_station,
        t1_0.total_seats,
        t1_0.train_number 
    from
        trains t1_0 
    where
        t1_0.id=?
Hibernate: 
    select
        p1_0.id,
        p1_0.id_card,
        p1_0.name,
        p1_0.phone,
        p1_0.user_id 
    from
        passengers p1_0 
    where
        p1_0.id=?
2026-06-12T16:39:45.006+08:00  INFO 73748 --- [demo] [   File Watcher] rtingClassPathChangeChangedEventListener : Restarting due to 40 class path changes (0 additions, 40 deletions, 0 modifications)
2026-06-12T16:39:45.008+08:00  INFO 73748 --- [demo] [       Thread-9] o.s.boot.tomcat.GracefulShutdown         : Commencing graceful shutdown. Waiting for active requests to complete
2026-06-12T16:39:45.018+08:00  INFO 73748 --- [demo] [tomcat-shutdown] o.s.boot.tomcat.GracefulShutdown         : Graceful shutdown complete
2026-06-12T16:39:45.021+08:00  INFO 73748 --- [demo] [       Thread-9] j.LocalContainerEntityManagerFactoryBean : Closing JPA EntityManagerFactory for persistence unit 'default'
2026-06-12T16:39:45.022+08:00  INFO 73748 --- [demo] [       Thread-9] com.zaxxer.hikari.HikariDataSource       : HikariPool-3 - Shutdown initiated...
2026-06-12T16:39:45.024+08:00  INFO 73748 --- [demo] [       Thread-9] com.zaxxer.hikari.HikariDataSource       : HikariPool-3 - Shutdown completed.

  .   ____          _            __ _ _
 /\\ / ___'_ __ _ _(_)_ __  __ _ \ \ \ \
( ( )\___ | '_ | '_| | '_ \/ _` | \ \ \ \
 \\/  ___)| |_)| | | | | || (_| |  ) ) ) )
  '  |____| .__|_| |_|_| |_\__, | / / / /
 =========|_|==============|___/=/_/_/_/

 :: Spring Boot ::                (v4.0.6)

2026-06-12T16:39:45.136+08:00  INFO 73748 --- [demo] [  restartedMain] com.example.demo.DemoApplication         : Starting DemoApplication using Java 24.0.2 with PID 73748 (C:\Users\Administrator\Desktop\mini12306\demo\target\classes started by Administrator in C:\Users\Administrator\Desktop\mini12306\demo)
2026-06-12T16:39:45.137+08:00  INFO 73748 --- [demo] [  restartedMain] com.example.demo.DemoApplication         : No active profile set, falling back to 1 default profile: "default"
2026-06-12T16:39:45.335+08:00  INFO 73748 --- [demo] [  restartedMain] .s.d.r.c.RepositoryConfigurationDelegate : Bootstrapping Spring Data JPA repositories in DEFAULT mode.
2026-06-12T16:39:45.339+08:00  INFO 73748 --- [demo] [  restartedMain] .s.d.r.c.RepositoryConfigurationDelegate : Finished Spring Data repository scanning in 2 ms. Found 0 JPA repository interfaces.
2026-06-12T16:39:45.421+08:00  INFO 73748 --- [demo] [  restartedMain] o.s.boot.tomcat.TomcatWebServer          : Tomcat initialized with port 8080 (http)
2026-06-12T16:39:45.423+08:00  INFO 73748 --- [demo] [  restartedMain] o.apache.catalina.core.StandardService   : Starting service [Tomcat]
2026-06-12T16:39:45.423+08:00  INFO 73748 --- [demo] [  restartedMain] o.apache.catalina.core.StandardEngine    : Starting Servlet engine: [Apache Tomcat/11.0.21]
2026-06-12T16:39:45.444+08:00  INFO 73748 --- [demo] [  restartedMain] b.w.c.s.WebApplicationContextInitializer : Root WebApplicationContext: initialization completed in 305 ms
2026-06-12T16:39:45.477+08:00  INFO 73748 --- [demo] [  restartedMain] org.hibernate.orm.jpa                    : HHH008540: Processing PersistenceUnitInfo [name: default]
2026-06-12T16:39:45.510+08:00  INFO 73748 --- [demo] [  restartedMain] o.s.o.j.p.SpringPersistenceUnitInfo      : No LoadTimeWeaver setup: ignoring JPA class transformer
2026-06-12T16:39:45.512+08:00  INFO 73748 --- [demo] [  restartedMain] com.zaxxer.hikari.HikariDataSource       : HikariPool-4 - Starting...
2026-06-12T16:39:45.516+08:00  INFO 73748 --- [demo] [  restartedMain] com.zaxxer.hikari.pool.HikariPool        : HikariPool-4 - Added connection com.mysql.cj.jdbc.ConnectionImpl@699af1d
2026-06-12T16:39:45.517+08:00  INFO 73748 --- [demo] [  restartedMain] com.zaxxer.hikari.HikariDataSource       : HikariPool-4 - Start completed.
2026-06-12T16:39:45.518+08:00  INFO 73748 --- [demo] [  restartedMain] org.hibernate.orm.connections.pooling    : HHH10001005: Database info:
	Database JDBC URL [jdbc:mysql://localhost:3306/mini12306?useSSL=false&serverTimezone=Asia/Shanghai&allowPublicKeyRetrieval=true&characterEncoding=UTF-8]
	Database driver: MySQL Connector/J
	Database dialect: MySQLDialect
	Database version: 9.6
	Default catalog/schema: mini12306/undefined
	Autocommit mode: undefined/unknown
	Isolation level: REPEATABLE_READ [default REPEATABLE_READ]
	JDBC fetch size: none
	Pool: DataSourceConnectionProvider
	Minimum pool size: undefined/unknown
	Maximum pool size: undefined/unknown
2026-06-12T16:39:45.544+08:00  INFO 73748 --- [demo] [  restartedMain] org.hibernate.orm.core                   : HHH000489: No JTA platform available (set 'hibernate.transaction.jta.platform' to enable JTA platform integration)
2026-06-12T16:39:45.545+08:00  INFO 73748 --- [demo] [  restartedMain] j.LocalContainerEntityManagerFactoryBean : Initialized JPA EntityManagerFactory for persistence unit 'default'
2026-06-12T16:39:45.678+08:00  INFO 73748 --- [demo] [  restartedMain] o.s.boot.tomcat.TomcatWebServer          : Tomcat started on port 8080 (http) with context path '/'
2026-06-12T16:39:45.681+08:00  INFO 73748 --- [demo] [  restartedMain] com.example.demo.DemoApplication         : Started DemoApplication in 0.58 seconds (process running for 1949.174)
2026-06-12T16:39:45.681+08:00  INFO 73748 --- [demo] [  restartedMain] .ConditionEvaluationDeltaLoggingListener : Condition evaluation unchanged
2026-06-12T16:39:48.087+08:00  INFO 73748 --- [demo] [   File Watcher] rtingClassPathChangeChangedEventListener : Restarting due to 44 class path changes (44 additions, 0 deletions, 0 modifications)
2026-06-12T16:39:48.088+08:00  INFO 73748 --- [demo] [      Thread-13] o.s.boot.tomcat.GracefulShutdown         : Commencing graceful shutdown. Waiting for active requests to complete
2026-06-12T16:39:48.098+08:00  INFO 73748 --- [demo] [tomcat-shutdown] o.s.boot.tomcat.GracefulShutdown         : Graceful shutdown complete
2026-06-12T16:39:48.099+08:00  INFO 73748 --- [demo] [      Thread-13] j.LocalContainerEntityManagerFactoryBean : Closing JPA EntityManagerFactory for persistence unit 'default'
2026-06-12T16:39:48.101+08:00  INFO 73748 --- [demo] [      Thread-13] com.zaxxer.hikari.HikariDataSource       : HikariPool-4 - Shutdown initiated...
2026-06-12T16:39:48.102+08:00  INFO 73748 --- [demo] [      Thread-13] com.zaxxer.hikari.HikariDataSource       : HikariPool-4 - Shutdown completed.

  .   ____          _            __ _ _
 /\\ / ___'_ __ _ _(_)_ __  __ _ \ \ \ \
( ( )\___ | '_ | '_| | '_ \/ _` | \ \ \ \
 \\/  ___)| |_)| | | | | || (_| |  ) ) ) )
  '  |____| .__|_| |_|_| |_\__, | / / / /
 =========|_|==============|___/=/_/_/_/

 :: Spring Boot ::                (v4.0.6)

2026-06-12T16:39:48.186+08:00  INFO 73748 --- [demo] [  restartedMain] com.example.demo.DemoApplication         : Starting DemoApplication using Java 24.0.2 with PID 73748 (C:\Users\Administrator\Desktop\mini12306\demo\target\classes started by Administrator in C:\Users\Administrator\Desktop\mini12306\demo)
2026-06-12T16:39:48.186+08:00  INFO 73748 --- [demo] [  restartedMain] com.example.demo.DemoApplication         : No active profile set, falling back to 1 default profile: "default"
2026-06-12T16:39:48.359+08:00  INFO 73748 --- [demo] [  restartedMain] .s.d.r.c.RepositoryConfigurationDelegate : Bootstrapping Spring Data JPA repositories in DEFAULT mode.
2026-06-12T16:39:48.381+08:00  INFO 73748 --- [demo] [  restartedMain] .s.d.r.c.RepositoryConfigurationDelegate : Finished Spring Data repository scanning in 19 ms. Found 7 JPA repository interfaces.
2026-06-12T16:39:48.472+08:00  INFO 73748 --- [demo] [  restartedMain] o.s.boot.tomcat.TomcatWebServer          : Tomcat initialized with port 8080 (http)
2026-06-12T16:39:48.473+08:00  INFO 73748 --- [demo] [  restartedMain] o.apache.catalina.core.StandardService   : Starting service [Tomcat]
2026-06-12T16:39:48.473+08:00  INFO 73748 --- [demo] [  restartedMain] o.apache.catalina.core.StandardEngine    : Starting Servlet engine: [Apache Tomcat/11.0.21]
2026-06-12T16:39:48.495+08:00  INFO 73748 --- [demo] [  restartedMain] b.w.c.s.WebApplicationContextInitializer : Root WebApplicationContext: initialization completed in 306 ms
2026-06-12T16:39:48.529+08:00  INFO 73748 --- [demo] [  restartedMain] org.hibernate.orm.jpa                    : HHH008540: Processing PersistenceUnitInfo [name: default]
2026-06-12T16:39:48.560+08:00  INFO 73748 --- [demo] [  restartedMain] o.s.o.j.p.SpringPersistenceUnitInfo      : No LoadTimeWeaver setup: ignoring JPA class transformer
2026-06-12T16:39:48.561+08:00  INFO 73748 --- [demo] [  restartedMain] com.zaxxer.hikari.HikariDataSource       : HikariPool-5 - Starting...
2026-06-12T16:39:48.566+08:00  INFO 73748 --- [demo] [  restartedMain] com.zaxxer.hikari.pool.HikariPool        : HikariPool-5 - Added connection com.mysql.cj.jdbc.ConnectionImpl@3bec6b66
2026-06-12T16:39:48.566+08:00  INFO 73748 --- [demo] [  restartedMain] com.zaxxer.hikari.HikariDataSource       : HikariPool-5 - Start completed.
2026-06-12T16:39:48.568+08:00  INFO 73748 --- [demo] [  restartedMain] org.hibernate.orm.connections.pooling    : HHH10001005: Database info:
	Database JDBC URL [jdbc:mysql://localhost:3306/mini12306?useSSL=false&serverTimezone=Asia/Shanghai&allowPublicKeyRetrieval=true&characterEncoding=UTF-8]
	Database driver: MySQL Connector/J
	Database dialect: MySQLDialect
	Database version: 9.6
	Default catalog/schema: mini12306/undefined
	Autocommit mode: undefined/unknown
	Isolation level: REPEATABLE_READ [default REPEATABLE_READ]
	JDBC fetch size: none
	Pool: DataSourceConnectionProvider
	Minimum pool size: undefined/unknown
	Maximum pool size: undefined/unknown
2026-06-12T16:39:48.754+08:00  INFO 73748 --- [demo] [  restartedMain] org.hibernate.orm.core                   : HHH000489: No JTA platform available (set 'hibernate.transaction.jta.platform' to enable JTA platform integration)
Hibernate: 
    create table notifications (
        id bigint not null auto_increment,
        content TEXT not null,
        create_time datetime(6) not null,
        title varchar(255) not null,
        type varchar(255) not null,
        primary key (id)
    ) engine=InnoDB
2026-06-12T16:39:48.812+08:00  INFO 73748 --- [demo] [  restartedMain] j.LocalContainerEntityManagerFactoryBean : Initialized JPA EntityManagerFactory for persistence unit 'default'
Hibernate: 
    select
        u1_0.id,
        u1_0.create_time,
        u1_0.id_card,
        u1_0.password,
        u1_0.phone,
        u1_0.real_name,
        u1_0.role,
        u1_0.username 
    from
        users u1_0 
    where
        u1_0.username=?
Hibernate: 
    select
        u1_0.id,
        u1_0.create_time,
        u1_0.id_card,
        u1_0.password,
        u1_0.phone,
        u1_0.real_name,
        u1_0.role,
        u1_0.username 
    from
        users u1_0 
    where
        u1_0.username=?
Hibernate: 
    select
        count(*) 
    from
        trains t1_0
2026-06-12T16:39:49.118+08:00  INFO 73748 --- [demo] [  restartedMain] o.s.boot.tomcat.TomcatWebServer          : Tomcat started on port 8080 (http) with context path '/'
2026-06-12T16:39:49.121+08:00  INFO 73748 --- [demo] [  restartedMain] com.example.demo.DemoApplication         : Started DemoApplication in 0.962 seconds (process running for 1952.615)
2026-06-12T16:39:49.122+08:00  INFO 73748 --- [demo] [  restartedMain] .ConditionEvaluationDeltaLoggingListener : Condition evaluation unchanged
2026-06-12T16:41:26.802+08:00  INFO 73748 --- [demo] [nio-8080-exec-1] o.a.c.c.C.[Tomcat].[localhost].[/]       : Initializing Spring DispatcherServlet 'dispatcherServlet'
2026-06-12T16:41:26.802+08:00  INFO 73748 --- [demo] [nio-8080-exec-1] o.s.web.servlet.DispatcherServlet        : Initializing Servlet 'dispatcherServlet'
2026-06-12T16:41:26.803+08:00  INFO 73748 --- [demo] [nio-8080-exec-1] o.s.web.servlet.DispatcherServlet        : Completed initialization in 1 ms
Hibernate: 
    select
        n1_0.id,
        n1_0.content,
        n1_0.create_time,
        n1_0.title,
        n1_0.type 
    from
        notifications n1_0 
    order by
        n1_0.create_time desc
Hibernate: 
    select
        n1_0.id,
        n1_0.content,
        n1_0.create_time,
        n1_0.title,
        n1_0.type 
    from
        notifications n1_0 
    order by
        n1_0.create_time desc
Hibernate: 
    select
        n1_0.id,
        n1_0.content,
        n1_0.create_time,
        n1_0.title,
        n1_0.type 
    from
        notifications n1_0 
    order by
        n1_0.create_time desc
Hibernate: 
    select
        o1_0.id,
        o1_0.create_time,
        o1_0.order_no,
        o1_0.passenger_id,
        o1_0.pay_time,
        o1_0.pay_trade_no,
        o1_0.pay_type,
        o1_0.price,
        o1_0.status,
        o1_0.train_id,
        o1_0.user_id 
    from
        orders o1_0 
    where
        o1_0.user_id=?
Hibernate: 
    select
        t1_0.id,
        t1_0.arrival_time,
        t1_0.available_seats,
        t1_0.departure_time,
        t1_0.end_station,
        t1_0.price,
        t1_0.start_station,
        t1_0.total_seats,
        t1_0.train_number 
    from
        trains t1_0 
    where
        t1_0.id=?
Hibernate: 
    select
        t1_0.id,
        t1_0.arrival_time,
        t1_0.available_seats,
        t1_0.departure_time,
        t1_0.end_station,
        t1_0.price,
        t1_0.start_station,
        t1_0.total_seats,
        t1_0.train_number 
    from
        trains t1_0 
    where
        t1_0.id=?
Hibernate: 
    select
        t1_0.id,
        t1_0.arrival_time,
        t1_0.available_seats,
        t1_0.departure_time,
        t1_0.end_station,
        t1_0.price,
        t1_0.start_station,
        t1_0.total_seats,
        t1_0.train_number 
    from
        trains t1_0 
    where
        t1_0.id=?
Hibernate: 
    select
        p1_0.id,
        p1_0.id_card,
        p1_0.name,
        p1_0.phone,
        p1_0.user_id 
    from
        passengers p1_0 
    where
        p1_0.id=?
Hibernate: 
    select
        n1_0.id,
        n1_0.content,
        n1_0.create_time,
        n1_0.title,
        n1_0.type 
    from
        notifications n1_0 
    order by
        n1_0.create_time desc
Hibernate: 
    select
        t1_0.id,
        t1_0.arrival_time,
        t1_0.available_seats,
        t1_0.departure_time,
        t1_0.end_station,
        t1_0.price,
        t1_0.start_station,
        t1_0.total_seats,
        t1_0.train_number 
    from
        trains t1_0
Hibernate: 
    select
        n1_0.id,
        n1_0.content,
        n1_0.create_time,
        n1_0.title,
        n1_0.type 
    from
        notifications n1_0 
    order by
        n1_0.create_time desc
Hibernate: 
    select
        o1_0.id,
        o1_0.create_time,
        o1_0.order_no,
        o1_0.passenger_id,
        o1_0.pay_time,
        o1_0.pay_trade_no,
        o1_0.pay_type,
        o1_0.price,
        o1_0.status,
        o1_0.train_id,
        o1_0.user_id 
    from
        orders o1_0 
    where
        o1_0.user_id=?
Hibernate: 
    select
        t1_0.id,
        t1_0.arrival_time,
        t1_0.available_seats,
        t1_0.departure_time,
        t1_0.end_station,
        t1_0.price,
        t1_0.start_station,
        t1_0.total_seats,
        t1_0.train_number 
    from
        trains t1_0 
    where
        t1_0.id=?
Hibernate: 
    select
        t1_0.id,
        t1_0.arrival_time,
        t1_0.available_seats,
        t1_0.departure_time,
        t1_0.end_station,
        t1_0.price,
        t1_0.start_station,
        t1_0.total_seats,
        t1_0.train_number 
    from
        trains t1_0 
    where
        t1_0.id=?
Hibernate: 
    select
        p1_0.id,
        p1_0.id_card,
        p1_0.name,
        p1_0.phone,
        p1_0.user_id 
    from
        passengers p1_0 
    where
        p1_0.id=?
Hibernate: 
    select
        t1_0.id,
        t1_0.arrival_time,
        t1_0.available_seats,
        t1_0.departure_time,
        t1_0.end_station,
        t1_0.price,
        t1_0.start_station,
        t1_0.total_seats,
        t1_0.train_number 
    from
        trains t1_0 
    where
        t1_0.id=?
Hibernate: 
    select
        t1_0.id,
        t1_0.arrival_time,
        t1_0.available_seats,
        t1_0.departure_time,
        t1_0.end_station,
        t1_0.price,
        t1_0.start_station,
        t1_0.total_seats,
        t1_0.train_number 
    from
        trains t1_0
Hibernate: 
    select
        n1_0.id,
        n1_0.content,
        n1_0.create_time,
        n1_0.title,
        n1_0.type 
    from
        notifications n1_0 
    order by
        n1_0.create_time desc
Hibernate: 
    select
        n1_0.id,
        n1_0.content,
        n1_0.create_time,
        n1_0.title,
        n1_0.type 
    from
        notifications n1_0 
    order by
        n1_0.create_time desc
Hibernate: 
    select
        n1_0.id,
        n1_0.content,
        n1_0.create_time,
        n1_0.title,
        n1_0.type 
    from
        notifications n1_0 
    order by
        n1_0.create_time desc
Hibernate: 
    select
        n1_0.id,
        n1_0.content,
        n1_0.create_time,
        n1_0.title,
        n1_0.type 
    from
        notifications n1_0 
    order by
        n1_0.create_time desc
Hibernate: 
    select
        n1_0.id,
        n1_0.content,
        n1_0.create_time,
        n1_0.title,
        n1_0.type 
    from
        notifications n1_0 
    order by
        n1_0.create_time desc
Hibernate: 
    select
        u1_0.id,
        u1_0.create_time,
        u1_0.id_card,
        u1_0.password,
        u1_0.phone,
        u1_0.real_name,
        u1_0.role,
        u1_0.username 
    from
        users u1_0 
    where
        u1_0.username=?
Hibernate: 
    select
        count(*) 
    from
        trains t1_0
Hibernate: 
    select
        count(*) 
    from
        users u1_0
Hibernate: 
    select
        count(*) 
    from
        orders o1_0
Hibernate: 
    select
        o1_0.id,
        o1_0.create_time,
        o1_0.order_no,
        o1_0.passenger_id,
        o1_0.pay_time,
        o1_0.pay_trade_no,
        o1_0.pay_type,
        o1_0.price,
        o1_0.status,
        o1_0.train_id,
        o1_0.user_id 
    from
        orders o1_0
Hibernate: 
    select
        n1_0.id,
        n1_0.content,
        n1_0.create_time,
        n1_0.title,
        n1_0.type 
    from
        notifications n1_0 
    order by
        n1_0.create_time desc
Hibernate: 
    insert 
    into
        notifications
        (content, create_time, title, type) 
    values
        (?, ?, ?, ?)
Hibernate: 
    select
        n1_0.id,
        n1_0.content,
        n1_0.create_time,
        n1_0.title,
        n1_0.type 
    from
        notifications n1_0 
    order by
        n1_0.create_time desc
Hibernate: 
    select
        n1_0.id,
        n1_0.content,
        n1_0.create_time,
        n1_0.title,
        n1_0.type 
    from
        notifications n1_0 
    order by
        n1_0.create_time desc
Hibernate: 
    select
        n1_0.id,
        n1_0.content,
        n1_0.create_time,
        n1_0.title,
        n1_0.type 
    from
        notifications n1_0 
    order by
        n1_0.create_time desc
Hibernate: 
    select
        n1_0.id,
        n1_0.content,
        n1_0.create_time,
        n1_0.title,
        n1_0.type 
    from
        notifications n1_0 
    where
        n1_0.id=?
Hibernate: 
    select
        n1_0.id,
        n1_0.content,
        n1_0.create_time,
        n1_0.title,
        n1_0.type 
    from
        notifications n1_0 
    order by
        n1_0.create_time desc
Hibernate: 
    select
        o1_0.id,
        o1_0.create_time,
        o1_0.order_no,
        o1_0.passenger_id,
        o1_0.pay_time,
        o1_0.pay_trade_no,
        o1_0.pay_type,
        o1_0.price,
        o1_0.status,
        o1_0.train_id,
        o1_0.user_id 
    from
        orders o1_0 
    where
        o1_0.user_id=?
Hibernate: 
    select
        n1_0.id,
        n1_0.content,
        n1_0.create_time,
        n1_0.title,
        n1_0.type 
    from
        notifications n1_0 
    order by
        n1_0.create_time desc
Hibernate: 
    select
        p1_0.id,
        p1_0.id_card,
        p1_0.name,
        p1_0.phone,
        p1_0.user_id 
    from
        passengers p1_0 
    where
        p1_0.user_id=?
Hibernate: 
    select
        n1_0.id,
        n1_0.content,
        n1_0.create_time,
        n1_0.title,
        n1_0.type 
    from
        notifications n1_0 
    order by
        n1_0.create_time desc
Hibernate: 
    select
        n1_0.id,
        n1_0.content,
        n1_0.create_time,
        n1_0.title,
        n1_0.type 
    from
        notifications n1_0 
    order by
        n1_0.create_time desc
Hibernate: 
    select
        n1_0.id,
        n1_0.content,
        n1_0.create_time,
        n1_0.title,
        n1_0.type 
    from
        notifications n1_0 
    order by
        n1_0.create_time desc
Hibernate: 
    select
        p1_0.id,
        p1_0.id_card,
        p1_0.name,
        p1_0.phone,
        p1_0.user_id 
    from
        passengers p1_0 
    where
        p1_0.user_id=?
Hibernate: 
    select
        n1_0.id,
        n1_0.content,
        n1_0.create_time,
        n1_0.title,
        n1_0.type 
    from
        notifications n1_0 
    order by
        n1_0.create_time desc
Hibernate: 
    select
        n1_0.id,
        n1_0.content,
        n1_0.create_time,
        n1_0.title,
        n1_0.type 
    from
        notifications n1_0 
    where
        n1_0.id=?
Hibernate: 
    select
        p1_0.id,
        p1_0.id_card,
        p1_0.name,
        p1_0.phone,
        p1_0.user_id 
    from
        passengers p1_0 
    where
        p1_0.user_id=?
Hibernate: 
    select
        n1_0.id,
        n1_0.content,
        n1_0.create_time,
        n1_0.title,
        n1_0.type 
    from
        notifications n1_0 
    order by
        n1_0.create_time desc
2026-06-12T16:52:49.169+08:00  INFO 73748 --- [demo] [   File Watcher] rtingClassPathChangeChangedEventListener : Restarting due to 44 class path changes (0 additions, 44 deletions, 0 modifications)
2026-06-12T16:52:49.170+08:00  INFO 73748 --- [demo] [      Thread-17] o.s.boot.tomcat.GracefulShutdown         : Commencing graceful shutdown. Waiting for active requests to complete
2026-06-12T16:52:49.180+08:00  INFO 73748 --- [demo] [tomcat-shutdown] o.s.boot.tomcat.GracefulShutdown         : Graceful shutdown complete
2026-06-12T16:52:49.183+08:00  INFO 73748 --- [demo] [      Thread-17] j.LocalContainerEntityManagerFactoryBean : Closing JPA EntityManagerFactory for persistence unit 'default'
2026-06-12T16:52:49.184+08:00  INFO 73748 --- [demo] [      Thread-17] com.zaxxer.hikari.HikariDataSource       : HikariPool-5 - Shutdown initiated...
2026-06-12T16:52:49.185+08:00  INFO 73748 --- [demo] [      Thread-17] com.zaxxer.hikari.HikariDataSource       : HikariPool-5 - Shutdown completed.

  .   ____          _            __ _ _
 /\\ / ___'_ __ _ _(_)_ __  __ _ \ \ \ \
( ( )\___ | '_ | '_| | '_ \/ _` | \ \ \ \
 \\/  ___)| |_)| | | | | || (_| |  ) ) ) )
  '  |____| .__|_| |_|_| |_\__, | / / / /
 =========|_|==============|___/=/_/_/_/

 :: Spring Boot ::                (v4.0.6)

2026-06-12T16:52:49.263+08:00  INFO 73748 --- [demo] [  restartedMain] com.example.demo.DemoApplication         : Starting DemoApplication using Java 24.0.2 with PID 73748 (C:\Users\Administrator\Desktop\mini12306\demo\target\classes started by Administrator in C:\Users\Administrator\Desktop\mini12306\demo)
2026-06-12T16:52:49.263+08:00  INFO 73748 --- [demo] [  restartedMain] com.example.demo.DemoApplication         : No active profile set, falling back to 1 default profile: "default"
2026-06-12T16:52:49.398+08:00  INFO 73748 --- [demo] [  restartedMain] .s.d.r.c.RepositoryConfigurationDelegate : Bootstrapping Spring Data JPA repositories in DEFAULT mode.
2026-06-12T16:52:49.401+08:00  INFO 73748 --- [demo] [  restartedMain] .s.d.r.c.RepositoryConfigurationDelegate : Finished Spring Data repository scanning in 1 ms. Found 0 JPA repository interfaces.
2026-06-12T16:52:49.491+08:00  INFO 73748 --- [demo] [  restartedMain] o.s.boot.tomcat.TomcatWebServer          : Tomcat initialized with port 8080 (http)
2026-06-12T16:52:49.493+08:00  INFO 73748 --- [demo] [  restartedMain] o.apache.catalina.core.StandardService   : Starting service [Tomcat]
2026-06-12T16:52:49.493+08:00  INFO 73748 --- [demo] [  restartedMain] o.apache.catalina.core.StandardEngine    : Starting Servlet engine: [Apache Tomcat/11.0.21]
2026-06-12T16:52:49.524+08:00  INFO 73748 --- [demo] [  restartedMain] b.w.c.s.WebApplicationContextInitializer : Root WebApplicationContext: initialization completed in 259 ms
2026-06-12T16:52:49.571+08:00  INFO 73748 --- [demo] [  restartedMain] org.hibernate.orm.jpa                    : HHH008540: Processing PersistenceUnitInfo [name: default]
2026-06-12T16:52:49.616+08:00  INFO 73748 --- [demo] [  restartedMain] o.s.o.j.p.SpringPersistenceUnitInfo      : No LoadTimeWeaver setup: ignoring JPA class transformer
2026-06-12T16:52:49.617+08:00  INFO 73748 --- [demo] [  restartedMain] com.zaxxer.hikari.HikariDataSource       : HikariPool-6 - Starting...
2026-06-12T16:52:49.623+08:00  INFO 73748 --- [demo] [  restartedMain] com.zaxxer.hikari.pool.HikariPool        : HikariPool-6 - Added connection com.mysql.cj.jdbc.ConnectionImpl@64c69726
2026-06-12T16:52:49.623+08:00  INFO 73748 --- [demo] [  restartedMain] com.zaxxer.hikari.HikariDataSource       : HikariPool-6 - Start completed.
2026-06-12T16:52:49.625+08:00  INFO 73748 --- [demo] [  restartedMain] org.hibernate.orm.connections.pooling    : HHH10001005: Database info:
	Database JDBC URL [jdbc:mysql://localhost:3306/mini12306?useSSL=false&serverTimezone=Asia/Shanghai&allowPublicKeyRetrieval=true&characterEncoding=UTF-8]
	Database driver: MySQL Connector/J
	Database dialect: MySQLDialect
	Database version: 9.6
	Default catalog/schema: mini12306/undefined
	Autocommit mode: undefined/unknown
	Isolation level: REPEATABLE_READ [default REPEATABLE_READ]
	JDBC fetch size: none
	Pool: DataSourceConnectionProvider
	Minimum pool size: undefined/unknown
	Maximum pool size: undefined/unknown
2026-06-12T16:52:49.647+08:00  INFO 73748 --- [demo] [  restartedMain] org.hibernate.orm.core                   : HHH000489: No JTA platform available (set 'hibernate.transaction.jta.platform' to enable JTA platform integration)
2026-06-12T16:52:49.648+08:00  INFO 73748 --- [demo] [  restartedMain] j.LocalContainerEntityManagerFactoryBean : Initialized JPA EntityManagerFactory for persistence unit 'default'
2026-06-12T16:52:49.849+08:00  INFO 73748 --- [demo] [  restartedMain] o.s.boot.tomcat.TomcatWebServer          : Tomcat started on port 8080 (http) with context path '/'
2026-06-12T16:52:49.852+08:00  INFO 73748 --- [demo] [  restartedMain] com.example.demo.DemoApplication         : Started DemoApplication in 0.613 seconds (process running for 2733.346)
2026-06-12T16:52:49.853+08:00  INFO 73748 --- [demo] [  restartedMain] .ConditionEvaluationDeltaLoggingListener : Condition evaluation unchanged
2026-06-12T16:52:52.064+08:00  INFO 73748 --- [demo] [   File Watcher] rtingClassPathChangeChangedEventListener : Restarting due to 46 class path changes (46 additions, 0 deletions, 0 modifications)
2026-06-12T16:52:52.065+08:00  INFO 73748 --- [demo] [      Thread-21] o.s.boot.tomcat.GracefulShutdown         : Commencing graceful shutdown. Waiting for active requests to complete
2026-06-12T16:52:52.076+08:00  INFO 73748 --- [demo] [tomcat-shutdown] o.s.boot.tomcat.GracefulShutdown         : Graceful shutdown complete
2026-06-12T16:52:52.077+08:00  INFO 73748 --- [demo] [      Thread-21] j.LocalContainerEntityManagerFactoryBean : Closing JPA EntityManagerFactory for persistence unit 'default'
2026-06-12T16:52:52.078+08:00  INFO 73748 --- [demo] [      Thread-21] com.zaxxer.hikari.HikariDataSource       : HikariPool-6 - Shutdown initiated...
2026-06-12T16:52:52.080+08:00  INFO 73748 --- [demo] [      Thread-21] com.zaxxer.hikari.HikariDataSource       : HikariPool-6 - Shutdown completed.

  .   ____          _            __ _ _
 /\\ / ___'_ __ _ _(_)_ __  __ _ \ \ \ \
( ( )\___ | '_ | '_| | '_ \/ _` | \ \ \ \
 \\/  ___)| |_)| | | | | || (_| |  ) ) ) )
  '  |____| .__|_| |_|_| |_\__, | / / / /
 =========|_|==============|___/=/_/_/_/

 :: Spring Boot ::                (v4.0.6)

2026-06-12T16:52:52.146+08:00  INFO 73748 --- [demo] [  restartedMain] com.example.demo.DemoApplication         : Starting DemoApplication using Java 24.0.2 with PID 73748 (C:\Users\Administrator\Desktop\mini12306\demo\target\classes started by Administrator in C:\Users\Administrator\Desktop\mini12306\demo)
2026-06-12T16:52:52.146+08:00  INFO 73748 --- [demo] [  restartedMain] com.example.demo.DemoApplication         : No active profile set, falling back to 1 default profile: "default"
2026-06-12T16:52:52.290+08:00  INFO 73748 --- [demo] [  restartedMain] .s.d.r.c.RepositoryConfigurationDelegate : Bootstrapping Spring Data JPA repositories in DEFAULT mode.
2026-06-12T16:52:52.312+08:00  INFO 73748 --- [demo] [  restartedMain] .s.d.r.c.RepositoryConfigurationDelegate : Finished Spring Data repository scanning in 19 ms. Found 8 JPA repository interfaces.
2026-06-12T16:52:52.396+08:00  INFO 73748 --- [demo] [  restartedMain] o.s.boot.tomcat.TomcatWebServer          : Tomcat initialized with port 8080 (http)
2026-06-12T16:52:52.396+08:00  INFO 73748 --- [demo] [  restartedMain] o.apache.catalina.core.StandardService   : Starting service [Tomcat]
2026-06-12T16:52:52.396+08:00  INFO 73748 --- [demo] [  restartedMain] o.apache.catalina.core.StandardEngine    : Starting Servlet engine: [Apache Tomcat/11.0.21]
2026-06-12T16:52:52.416+08:00  INFO 73748 --- [demo] [  restartedMain] b.w.c.s.WebApplicationContextInitializer : Root WebApplicationContext: initialization completed in 268 ms
2026-06-12T16:52:52.445+08:00  INFO 73748 --- [demo] [  restartedMain] org.hibernate.orm.jpa                    : HHH008540: Processing PersistenceUnitInfo [name: default]
2026-06-12T16:52:52.470+08:00  INFO 73748 --- [demo] [  restartedMain] o.s.o.j.p.SpringPersistenceUnitInfo      : No LoadTimeWeaver setup: ignoring JPA class transformer
2026-06-12T16:52:52.470+08:00  INFO 73748 --- [demo] [  restartedMain] com.zaxxer.hikari.HikariDataSource       : HikariPool-7 - Starting...
2026-06-12T16:52:52.477+08:00  INFO 73748 --- [demo] [  restartedMain] com.zaxxer.hikari.pool.HikariPool        : HikariPool-7 - Added connection com.mysql.cj.jdbc.ConnectionImpl@e1f420a
2026-06-12T16:52:52.477+08:00  INFO 73748 --- [demo] [  restartedMain] com.zaxxer.hikari.HikariDataSource       : HikariPool-7 - Start completed.
2026-06-12T16:52:52.478+08:00  INFO 73748 --- [demo] [  restartedMain] org.hibernate.orm.connections.pooling    : HHH10001005: Database info:
	Database JDBC URL [jdbc:mysql://localhost:3306/mini12306?useSSL=false&serverTimezone=Asia/Shanghai&allowPublicKeyRetrieval=true&characterEncoding=UTF-8]
	Database driver: MySQL Connector/J
	Database dialect: MySQLDialect
	Database version: 9.6
	Default catalog/schema: mini12306/undefined
	Autocommit mode: undefined/unknown
	Isolation level: REPEATABLE_READ [default REPEATABLE_READ]
	JDBC fetch size: none
	Pool: DataSourceConnectionProvider
	Minimum pool size: undefined/unknown
	Maximum pool size: undefined/unknown
2026-06-12T16:52:52.641+08:00  INFO 73748 --- [demo] [  restartedMain] org.hibernate.orm.core                   : HHH000489: No JTA platform available (set 'hibernate.transaction.jta.platform' to enable JTA platform integration)
Hibernate: 
    create table user_notification_read (
        id bigint not null auto_increment,
        notification_id bigint not null,
        read_time datetime(6) not null,
        user_id bigint not null,
        primary key (id)
    ) engine=InnoDB
Hibernate: 
    alter table user_notification_read 
       drop index UK70jmx7fi9qmr3fwyn6bjqre70
Hibernate: 
    alter table user_notification_read 
       add constraint UK70jmx7fi9qmr3fwyn6bjqre70 unique (user_id, notification_id)
2026-06-12T16:52:53.373+08:00  INFO 73748 --- [demo] [  restartedMain] j.LocalContainerEntityManagerFactoryBean : Initialized JPA EntityManagerFactory for persistence unit 'default'
Hibernate: 
    select
        u1_0.id,
        u1_0.create_time,
        u1_0.id_card,
        u1_0.password,
        u1_0.phone,
        u1_0.real_name,
        u1_0.role,
        u1_0.username 
    from
        users u1_0 
    where
        u1_0.username=?
Hibernate: 
    select
        u1_0.id,
        u1_0.create_time,
        u1_0.id_card,
        u1_0.password,
        u1_0.phone,
        u1_0.real_name,
        u1_0.role,
        u1_0.username 
    from
        users u1_0 
    where
        u1_0.username=?
Hibernate: 
    select
        count(*) 
    from
        trains t1_0
2026-06-12T16:52:53.711+08:00  INFO 73748 --- [demo] [  restartedMain] o.s.boot.tomcat.TomcatWebServer          : Tomcat started on port 8080 (http) with context path '/'
2026-06-12T16:52:53.713+08:00  INFO 73748 --- [demo] [  restartedMain] com.example.demo.DemoApplication         : Started DemoApplication in 1.584 seconds (process running for 2737.207)
2026-06-12T16:52:53.713+08:00  INFO 73748 --- [demo] [  restartedMain] .ConditionEvaluationDeltaLoggingListener : Condition evaluation unchanged
2026-06-12T16:53:14.538+08:00  INFO 73748 --- [demo] [nio-8080-exec-1] o.a.c.c.C.[Tomcat].[localhost].[/]       : Initializing Spring DispatcherServlet 'dispatcherServlet'
2026-06-12T16:53:14.539+08:00  INFO 73748 --- [demo] [nio-8080-exec-1] o.s.web.servlet.DispatcherServlet        : Initializing Servlet 'dispatcherServlet'
2026-06-12T16:53:14.540+08:00  INFO 73748 --- [demo] [nio-8080-exec-1] o.s.web.servlet.DispatcherServlet        : Completed initialization in 1 ms
Hibernate: 
    select
        p1_0.id,
        p1_0.id_card,
        p1_0.name,
        p1_0.phone,
        p1_0.user_id 
    from
        passengers p1_0 
    where
        p1_0.user_id=?
Hibernate: 
    select
        o1_0.id,
        o1_0.create_time,
        o1_0.order_no,
        o1_0.passenger_id,
        o1_0.pay_time,
        o1_0.pay_trade_no,
        o1_0.pay_type,
        o1_0.price,
        o1_0.status,
        o1_0.train_id,
        o1_0.user_id 
    from
        orders o1_0 
    where
        o1_0.user_id=?
Hibernate: 
    select
        t1_0.id,
        t1_0.arrival_time,
        t1_0.available_seats,
        t1_0.departure_time,
        t1_0.end_station,
        t1_0.price,
        t1_0.start_station,
        t1_0.total_seats,
        t1_0.train_number 
    from
        trains t1_0 
    where
        t1_0.id=?
Hibernate: 
    select
        t1_0.id,
        t1_0.arrival_time,
        t1_0.available_seats,
        t1_0.departure_time,
        t1_0.end_station,
        t1_0.price,
        t1_0.start_station,
        t1_0.total_seats,
        t1_0.train_number 
    from
        trains t1_0 
    where
        t1_0.id=?
Hibernate: 
    select
        t1_0.id,
        t1_0.arrival_time,
        t1_0.available_seats,
        t1_0.departure_time,
        t1_0.end_station,
        t1_0.price,
        t1_0.start_station,
        t1_0.total_seats,
        t1_0.train_number 
    from
        trains t1_0 
    where
        t1_0.id=?
Hibernate: 
    select
        p1_0.id,
        p1_0.id_card,
        p1_0.name,
        p1_0.phone,
        p1_0.user_id 
    from
        passengers p1_0 
    where
        p1_0.id=?
Hibernate: 
    select
        count(*) 
    from
        notifications n1_0
Hibernate: 
    select
        unr1_0.id,
        unr1_0.notification_id,
        unr1_0.read_time,
        unr1_0.user_id 
    from
        user_notification_read unr1_0 
    where
        unr1_0.user_id=?
Hibernate: 
    select
        count(*) 
    from
        notifications n1_0
Hibernate: 
    select
        unr1_0.id,
        unr1_0.notification_id,
        unr1_0.read_time,
        unr1_0.user_id 
    from
        user_notification_read unr1_0 
    where
        unr1_0.user_id=?
Hibernate: 
    select
        o1_0.id,
        o1_0.create_time,
        o1_0.order_no,
        o1_0.passenger_id,
        o1_0.pay_time,
        o1_0.pay_trade_no,
        o1_0.pay_type,
        o1_0.price,
        o1_0.status,
        o1_0.train_id,
        o1_0.user_id 
    from
        orders o1_0 
    where
        o1_0.user_id=?
Hibernate: 
    select
        t1_0.id,
        t1_0.arrival_time,
        t1_0.available_seats,
        t1_0.departure_time,
        t1_0.end_station,
        t1_0.price,
        t1_0.start_station,
        t1_0.total_seats,
        t1_0.train_number 
    from
        trains t1_0 
    where
        t1_0.id=?
Hibernate: 
    select
        t1_0.id,
        t1_0.arrival_time,
        t1_0.available_seats,
        t1_0.departure_time,
        t1_0.end_station,
        t1_0.price,
        t1_0.start_station,
        t1_0.total_seats,
        t1_0.train_number 
    from
        trains t1_0 
    where
        t1_0.id=?
Hibernate: 
    select
        t1_0.id,
        t1_0.arrival_time,
        t1_0.available_seats,
        t1_0.departure_time,
        t1_0.end_station,
        t1_0.price,
        t1_0.start_station,
        t1_0.total_seats,
        t1_0.train_number 
    from
        trains t1_0 
    where
        t1_0.id=?
Hibernate: 
    select
        p1_0.id,
        p1_0.id_card,
        p1_0.name,
        p1_0.phone,
        p1_0.user_id 
    from
        passengers p1_0 
    where
        p1_0.id=?
Hibernate: 
    select
        p1_0.id,
        p1_0.id_card,
        p1_0.name,
        p1_0.phone,
        p1_0.user_id 
    from
        passengers p1_0 
    where
        p1_0.user_id=?
Hibernate: 
    select
        n1_0.id,
        n1_0.content,
        n1_0.create_time,
        n1_0.title,
        n1_0.type 
    from
        notifications n1_0 
    order by
        n1_0.create_time desc
Hibernate: 
    select
        unr1_0.id,
        unr1_0.notification_id,
        unr1_0.read_time,
        unr1_0.user_id 
    from
        user_notification_read unr1_0 
    where
        unr1_0.user_id=?
Hibernate: 
    select
        n1_0.id,
        n1_0.content,
        n1_0.create_time,
        n1_0.title,
        n1_0.type 
    from
        notifications n1_0 
    where
        n1_0.id=?
Hibernate: 
    select
        unr1_0.id 
    from
        user_notification_read unr1_0 
    where
        unr1_0.user_id=? 
        and unr1_0.notification_id=? 
    limit
        ?
Hibernate: 
    insert 
    into
        user_notification_read
        (notification_id, read_time, user_id) 
    values
        (?, ?, ?)
Hibernate: 
    select
        count(*) 
    from
        notifications n1_0
Hibernate: 
    select
        unr1_0.id,
        unr1_0.notification_id,
        unr1_0.read_time,
        unr1_0.user_id 
    from
        user_notification_read unr1_0 
    where
        unr1_0.user_id=?
Hibernate: 
    select
        n1_0.id,
        n1_0.content,
        n1_0.create_time,
        n1_0.title,
        n1_0.type 
    from
        notifications n1_0 
    order by
        n1_0.create_time desc
Hibernate: 
    select
        unr1_0.id,
        unr1_0.notification_id,
        unr1_0.read_time,
        unr1_0.user_id 
    from
        user_notification_read unr1_0 
    where
        unr1_0.user_id=?
Hibernate: 
    select
        count(*) 
    from
        notifications n1_0
Hibernate: 
    select
        unr1_0.id,
        unr1_0.notification_id,
        unr1_0.read_time,
        unr1_0.user_id 
    from
        user_notification_read unr1_0 
    where
        unr1_0.user_id=?
Hibernate: 
    select
        n1_0.id,
        n1_0.content,
        n1_0.create_time,
        n1_0.title,
        n1_0.type 
    from
        notifications n1_0 
    order by
        n1_0.create_time desc
Hibernate: 
    select
        unr1_0.id,
        unr1_0.notification_id,
        unr1_0.read_time,
        unr1_0.user_id 
    from
        user_notification_read unr1_0 
    where
        unr1_0.user_id=?
Hibernate: 
    select
        n1_0.id,
        n1_0.content,
        n1_0.create_time,
        n1_0.title,
        n1_0.type 
    from
        notifications n1_0 
    order by
        n1_0.create_time desc
Hibernate: 
    select
        n1_0.id,
        n1_0.content,
        n1_0.create_time,
        n1_0.title,
        n1_0.type 
    from
        notifications n1_0 
    order by
        n1_0.create_time desc
Hibernate: 
    select
        n1_0.id,
        n1_0.content,
        n1_0.create_time,
        n1_0.title,
        n1_0.type 
    from
        notifications n1_0 
    order by
        n1_0.create_time desc
2026-06-12T16:54:31.844+08:00  WARN 73748 --- [demo] [nio-8080-exec-3] .m.m.a.ExceptionHandlerExceptionResolver : Resolved [org.springframework.web.method.annotation.MethodArgumentTypeMismatchException: Method parameter 'id': Failed to convert value of type 'java.lang.String' to required type 'java.lang.Long'; For input string: "undefined"]
Hibernate: 
    select
        n1_0.id,
        n1_0.content,
        n1_0.create_time,
        n1_0.title,
        n1_0.type 
    from
        notifications n1_0 
    order by
        n1_0.create_time desc
2026-06-12T16:54:32.961+08:00  WARN 73748 --- [demo] [nio-8080-exec-2] .m.m.a.ExceptionHandlerExceptionResolver : Resolved [org.springframework.web.method.annotation.MethodArgumentTypeMismatchException: Method parameter 'id': Failed to convert value of type 'java.lang.String' to required type 'java.lang.Long'; For input string: "undefined"]
Hibernate: 
    select
        n1_0.id,
        n1_0.content,
        n1_0.create_time,
        n1_0.title,
        n1_0.type 
    from
        notifications n1_0 
    order by
        n1_0.create_time desc
Hibernate: 
    select
        o1_0.id,
        o1_0.create_time,
        o1_0.order_no,
        o1_0.passenger_id,
        o1_0.pay_time,
        o1_0.pay_trade_no,
        o1_0.pay_type,
        o1_0.price,
        o1_0.status,
        o1_0.train_id,
        o1_0.user_id 
    from
        orders o1_0 
    where
        o1_0.user_id=?
Hibernate: 
    select
        n1_0.id,
        n1_0.content,
        n1_0.create_time,
        n1_0.title,
        n1_0.type 
    from
        notifications n1_0 
    order by
        n1_0.create_time desc
2026-06-12T16:54:35.413+08:00  WARN 73748 --- [demo] [nio-8080-exec-4] .m.m.a.ExceptionHandlerExceptionResolver : Resolved [org.springframework.web.method.annotation.MethodArgumentTypeMismatchException: Method parameter 'id': Failed to convert value of type 'java.lang.String' to required type 'java.lang.Long'; For input string: "undefined"]
Hibernate: 
    select
        n1_0.id,
        n1_0.content,
        n1_0.create_time,
        n1_0.title,
        n1_0.type 
    from
        notifications n1_0 
    order by
        n1_0.create_time desc
Hibernate: 
    select
        n1_0.id,
        n1_0.content,
        n1_0.create_time,
        n1_0.title,
        n1_0.type 
    from
        notifications n1_0 
    order by
        n1_0.create_time desc
Hibernate: 
    select
        count(*) 
    from
        notifications n1_0
Hibernate: 
    select
        unr1_0.id,
        unr1_0.notification_id,
        unr1_0.read_time,
        unr1_0.user_id 
    from
        user_notification_read unr1_0 
    where
        unr1_0.user_id=?
Hibernate: 
    select
        n1_0.id,
        n1_0.content,
        n1_0.create_time,
        n1_0.title,
        n1_0.type 
    from
        notifications n1_0 
    order by
        n1_0.create_time desc
Hibernate: 
    select
        unr1_0.id,
        unr1_0.notification_id,
        unr1_0.read_time,
        unr1_0.user_id 
    from
        user_notification_read unr1_0 
    where
        unr1_0.user_id=?
Hibernate: 
    select
        u1_0.id,
        u1_0.create_time,
        u1_0.id_card,
        u1_0.password,
        u1_0.phone,
        u1_0.real_name,
        u1_0.role,
        u1_0.username 
    from
        users u1_0 
    where
        u1_0.username=?
Hibernate: 
    select
        count(*) 
    from
        trains t1_0
Hibernate: 
    select
        count(*) 
    from
        users u1_0
Hibernate: 
    select
        count(*) 
    from
        orders o1_0
Hibernate: 
    select
        o1_0.id,
        o1_0.create_time,
        o1_0.order_no,
        o1_0.passenger_id,
        o1_0.pay_time,
        o1_0.pay_trade_no,
        o1_0.pay_type,
        o1_0.price,
        o1_0.status,
        o1_0.train_id,
        o1_0.user_id 
    from
        orders o1_0
Hibernate: 
    select
        t1_0.id,
        t1_0.arrival_time,
        t1_0.available_seats,
        t1_0.departure_time,
        t1_0.end_station,
        t1_0.price,
        t1_0.start_station,
        t1_0.total_seats,
        t1_0.train_number 
    from
        trains t1_0
Hibernate: 
    select
        count(*) 
    from
        trains t1_0
Hibernate: 
    select
        count(*) 
    from
        users u1_0
Hibernate: 
    select
        count(*) 
    from
        orders o1_0
Hibernate: 
    select
        o1_0.id,
        o1_0.create_time,
        o1_0.order_no,
        o1_0.passenger_id,
        o1_0.pay_time,
        o1_0.pay_trade_no,
        o1_0.pay_type,
        o1_0.price,
        o1_0.status,
        o1_0.train_id,
        o1_0.user_id 
    from
        orders o1_0
Hibernate: 
    select
        t1_0.id,
        t1_0.arrival_time,
        t1_0.available_seats,
        t1_0.departure_time,
        t1_0.end_station,
        t1_0.price,
        t1_0.start_station,
        t1_0.total_seats,
        t1_0.train_number 
    from
        trains t1_0
Hibernate: 
    select
        o1_0.id,
        o1_0.create_time,
        o1_0.order_no,
        o1_0.passenger_id,
        o1_0.pay_time,
        o1_0.pay_trade_no,
        o1_0.pay_type,
        o1_0.price,
        o1_0.status,
        o1_0.train_id,
        o1_0.user_id 
    from
        orders o1_0
Hibernate: 
    select
        t1_0.id,
        t1_0.arrival_time,
        t1_0.available_seats,
        t1_0.departure_time,
        t1_0.end_station,
        t1_0.price,
        t1_0.start_station,
        t1_0.total_seats,
        t1_0.train_number 
    from
        trains t1_0 
    where
        t1_0.id=?
Hibernate: 
    select
        t1_0.id,
        t1_0.arrival_time,
        t1_0.available_seats,
        t1_0.departure_time,
        t1_0.end_station,
        t1_0.price,
        t1_0.start_station,
        t1_0.total_seats,
        t1_0.train_number 
    from
        trains t1_0 
    where
        t1_0.id=?
Hibernate: 
    select
        t1_0.id,
        t1_0.arrival_time,
        t1_0.available_seats,
        t1_0.departure_time,
        t1_0.end_station,
        t1_0.price,
        t1_0.start_station,
        t1_0.total_seats,
        t1_0.train_number 
    from
        trains t1_0 
    where
        t1_0.id=?
Hibernate: 
    select
        t1_0.id,
        t1_0.arrival_time,
        t1_0.available_seats,
        t1_0.departure_time,
        t1_0.end_station,
        t1_0.price,
        t1_0.start_station,
        t1_0.total_seats,
        t1_0.train_number 
    from
        trains t1_0 
    where
        t1_0.id=?
Hibernate: 
    select
        t1_0.id,
        t1_0.arrival_time,
        t1_0.available_seats,
        t1_0.departure_time,
        t1_0.end_station,
        t1_0.price,
        t1_0.start_station,
        t1_0.total_seats,
        t1_0.train_number 
    from
        trains t1_0 
    where
        t1_0.id=?
Hibernate: 
    select
        t1_0.id,
        t1_0.arrival_time,
        t1_0.available_seats,
        t1_0.departure_time,
        t1_0.end_station,
        t1_0.price,
        t1_0.start_station,
        t1_0.total_seats,
        t1_0.train_number 
    from
        trains t1_0 
    where
        t1_0.id=?
Hibernate: 
    select
        t1_0.id,
        t1_0.arrival_time,
        t1_0.available_seats,
        t1_0.departure_time,
        t1_0.end_station,
        t1_0.price,
        t1_0.start_station,
        t1_0.total_seats,
        t1_0.train_number 
    from
        trains t1_0 
    where
        t1_0.id=?
Hibernate: 
    select
        t1_0.id,
        t1_0.arrival_time,
        t1_0.available_seats,
        t1_0.departure_time,
        t1_0.end_station,
        t1_0.price,
        t1_0.start_station,
        t1_0.total_seats,
        t1_0.train_number 
    from
        trains t1_0 
    where
        t1_0.id=?
Hibernate: 
    select
        t1_0.id,
        t1_0.arrival_time,
        t1_0.available_seats,
        t1_0.departure_time,
        t1_0.end_station,
        t1_0.price,
        t1_0.start_station,
        t1_0.total_seats,
        t1_0.train_number 
    from
        trains t1_0 
    where
        t1_0.id=?
Hibernate: 
    select
        t1_0.id,
        t1_0.arrival_time,
        t1_0.available_seats,
        t1_0.departure_time,
        t1_0.end_station,
        t1_0.price,
        t1_0.start_station,
        t1_0.total_seats,
        t1_0.train_number 
    from
        trains t1_0 
    where
        t1_0.id=?
Hibernate: 
    select
        t1_0.id,
        t1_0.arrival_time,
        t1_0.available_seats,
        t1_0.departure_time,
        t1_0.end_station,
        t1_0.price,
        t1_0.start_station,
        t1_0.total_seats,
        t1_0.train_number 
    from
        trains t1_0 
    where
        t1_0.id=?
Hibernate: 
    select
        t1_0.id,
        t1_0.arrival_time,
        t1_0.available_seats,
        t1_0.departure_time,
        t1_0.end_station,
        t1_0.price,
        t1_0.start_station,
        t1_0.total_seats,
        t1_0.train_number 
    from
        trains t1_0 
    where
        t1_0.id=?
Hibernate: 
    select
        t1_0.id,
        t1_0.arrival_time,
        t1_0.available_seats,
        t1_0.departure_time,
        t1_0.end_station,
        t1_0.price,
        t1_0.start_station,
        t1_0.total_seats,
        t1_0.train_number 
    from
        trains t1_0 
    where
        t1_0.id=?
Hibernate: 
    select
        t1_0.id,
        t1_0.arrival_time,
        t1_0.available_seats,
        t1_0.departure_time,
        t1_0.end_station,
        t1_0.price,
        t1_0.start_station,
        t1_0.total_seats,
        t1_0.train_number 
    from
        trains t1_0 
    where
        t1_0.id=?
Hibernate: 
    select
        t1_0.id,
        t1_0.arrival_time,
        t1_0.available_seats,
        t1_0.departure_time,
        t1_0.end_station,
        t1_0.price,
        t1_0.start_station,
        t1_0.total_seats,
        t1_0.train_number 
    from
        trains t1_0 
    where
        t1_0.id=?
Hibernate: 
    select
        t1_0.id,
        t1_0.arrival_time,
        t1_0.available_seats,
        t1_0.departure_time,
        t1_0.end_station,
        t1_0.price,
        t1_0.start_station,
        t1_0.total_seats,
        t1_0.train_number 
    from
        trains t1_0 
    where
        t1_0.id=?
Hibernate: 
    select
        t1_0.id,
        t1_0.arrival_time,
        t1_0.available_seats,
        t1_0.departure_time,
        t1_0.end_station,
        t1_0.price,
        t1_0.start_station,
        t1_0.total_seats,
        t1_0.train_number 
    from
        trains t1_0 
    where
        t1_0.id=?
Hibernate: 
    select
        t1_0.id,
        t1_0.arrival_time,
        t1_0.available_seats,
        t1_0.departure_time,
        t1_0.end_station,
        t1_0.price,
        t1_0.start_station,
        t1_0.total_seats,
        t1_0.train_number 
    from
        trains t1_0 
    where
        t1_0.id=?
Hibernate: 
    select
        t1_0.id,
        t1_0.arrival_time,
        t1_0.available_seats,
        t1_0.departure_time,
        t1_0.end_station,
        t1_0.price,
        t1_0.start_station,
        t1_0.total_seats,
        t1_0.train_number 
    from
        trains t1_0 
    where
        t1_0.id=?
Hibernate: 
    select
        t1_0.id,
        t1_0.arrival_time,
        t1_0.available_seats,
        t1_0.departure_time,
        t1_0.end_station,
        t1_0.price,
        t1_0.start_station,
        t1_0.total_seats,
        t1_0.train_number 
    from
        trains t1_0 
    where
        t1_0.id=?
Hibernate: 
    select
        t1_0.id,
        t1_0.arrival_time,
        t1_0.available_seats,
        t1_0.departure_time,
        t1_0.end_station,
        t1_0.price,
        t1_0.start_station,
        t1_0.total_seats,
        t1_0.train_number 
    from
        trains t1_0 
    where
        t1_0.id=?
Hibernate: 
    select
        t1_0.id,
        t1_0.arrival_time,
        t1_0.available_seats,
        t1_0.departure_time,
        t1_0.end_station,
        t1_0.price,
        t1_0.start_station,
        t1_0.total_seats,
        t1_0.train_number 
    from
        trains t1_0 
    where
        t1_0.id=?
Hibernate: 
    select
        t1_0.id,
        t1_0.arrival_time,
        t1_0.available_seats,
        t1_0.departure_time,
        t1_0.end_station,
        t1_0.price,
        t1_0.start_station,
        t1_0.total_seats,
        t1_0.train_number 
    from
        trains t1_0 
    where
        t1_0.id=?
Hibernate: 
    select
        p1_0.id,
        p1_0.id_card,
        p1_0.name,
        p1_0.phone,
        p1_0.user_id 
    from
        passengers p1_0 
    where
        p1_0.id=?
Hibernate: 
    select
        p1_0.id,
        p1_0.id_card,
        p1_0.name,
        p1_0.phone,
        p1_0.user_id 
    from
        passengers p1_0 
    where
        p1_0.id=?
Hibernate: 
    select
        p1_0.id,
        p1_0.id_card,
        p1_0.name,
        p1_0.phone,
        p1_0.user_id 
    from
        passengers p1_0 
    where
        p1_0.id=?
Hibernate: 
    select
        p1_0.id,
        p1_0.id_card,
        p1_0.name,
        p1_0.phone,
        p1_0.user_id 
    from
        passengers p1_0 
    where
        p1_0.id=?
Hibernate: 
    select
        o1_0.id,
        o1_0.create_time,
        o1_0.order_no,
        o1_0.passenger_id,
        o1_0.pay_time,
        o1_0.pay_trade_no,
        o1_0.pay_type,
        o1_0.price,
        o1_0.status,
        o1_0.train_id,
        o1_0.user_id 
    from
        orders o1_0 
    where
        o1_0.id=?
Hibernate: 
    update
        orders 
    set
        create_time=?,
        order_no=?,
        passenger_id=?,
        pay_time=?,
        pay_trade_no=?,
        pay_type=?,
        price=?,
        status=?,
        train_id=?,
        user_id=? 
    where
        id=?
Hibernate: 
    select
        o1_0.id,
        o1_0.create_time,
        o1_0.order_no,
        o1_0.passenger_id,
        o1_0.pay_time,
        o1_0.pay_trade_no,
        o1_0.pay_type,
        o1_0.price,
        o1_0.status,
        o1_0.train_id,
        o1_0.user_id 
    from
        orders o1_0
Hibernate: 
    select
        t1_0.id,
        t1_0.arrival_time,
        t1_0.available_seats,
        t1_0.departure_time,
        t1_0.end_station,
        t1_0.price,
        t1_0.start_station,
        t1_0.total_seats,
        t1_0.train_number 
    from
        trains t1_0 
    where
        t1_0.id=?
Hibernate: 
    select
        t1_0.id,
        t1_0.arrival_time,
        t1_0.available_seats,
        t1_0.departure_time,
        t1_0.end_station,
        t1_0.price,
        t1_0.start_station,
        t1_0.total_seats,
        t1_0.train_number 
    from
        trains t1_0 
    where
        t1_0.id=?
Hibernate: 
    select
        t1_0.id,
        t1_0.arrival_time,
        t1_0.available_seats,
        t1_0.departure_time,
        t1_0.end_station,
        t1_0.price,
        t1_0.start_station,
        t1_0.total_seats,
        t1_0.train_number 
    from
        trains t1_0 
    where
        t1_0.id=?
Hibernate: 
    select
        t1_0.id,
        t1_0.arrival_time,
        t1_0.available_seats,
        t1_0.departure_time,
        t1_0.end_station,
        t1_0.price,
        t1_0.start_station,
        t1_0.total_seats,
        t1_0.train_number 
    from
        trains t1_0 
    where
        t1_0.id=?
Hibernate: 
    select
        t1_0.id,
        t1_0.arrival_time,
        t1_0.available_seats,
        t1_0.departure_time,
        t1_0.end_station,
        t1_0.price,
        t1_0.start_station,
        t1_0.total_seats,
        t1_0.train_number 
    from
        trains t1_0 
    where
        t1_0.id=?
Hibernate: 
    select
        t1_0.id,
        t1_0.arrival_time,
        t1_0.available_seats,
        t1_0.departure_time,
        t1_0.end_station,
        t1_0.price,
        t1_0.start_station,
        t1_0.total_seats,
        t1_0.train_number 
    from
        trains t1_0 
    where
        t1_0.id=?
Hibernate: 
    select
        t1_0.id,
        t1_0.arrival_time,
        t1_0.available_seats,
        t1_0.departure_time,
        t1_0.end_station,
        t1_0.price,
        t1_0.start_station,
        t1_0.total_seats,
        t1_0.train_number 
    from
        trains t1_0 
    where
        t1_0.id=?
Hibernate: 
    select
        t1_0.id,
        t1_0.arrival_time,
        t1_0.available_seats,
        t1_0.departure_time,
        t1_0.end_station,
        t1_0.price,
        t1_0.start_station,
        t1_0.total_seats,
        t1_0.train_number 
    from
        trains t1_0 
    where
        t1_0.id=?
Hibernate: 
    select
        t1_0.id,
        t1_0.arrival_time,
        t1_0.available_seats,
        t1_0.departure_time,
        t1_0.end_station,
        t1_0.price,
        t1_0.start_station,
        t1_0.total_seats,
        t1_0.train_number 
    from
        trains t1_0 
    where
        t1_0.id=?
Hibernate: 
    select
        t1_0.id,
        t1_0.arrival_time,
        t1_0.available_seats,
        t1_0.departure_time,
        t1_0.end_station,
        t1_0.price,
        t1_0.start_station,
        t1_0.total_seats,
        t1_0.train_number 
    from
        trains t1_0 
    where
        t1_0.id=?
Hibernate: 
    select
        t1_0.id,
        t1_0.arrival_time,
        t1_0.available_seats,
        t1_0.departure_time,
        t1_0.end_station,
        t1_0.price,
        t1_0.start_station,
        t1_0.total_seats,
        t1_0.train_number 
    from
        trains t1_0 
    where
        t1_0.id=?
Hibernate: 
    select
        t1_0.id,
        t1_0.arrival_time,
        t1_0.available_seats,
        t1_0.departure_time,
        t1_0.end_station,
        t1_0.price,
        t1_0.start_station,
        t1_0.total_seats,
        t1_0.train_number 
    from
        trains t1_0 
    where
        t1_0.id=?
Hibernate: 
    select
        t1_0.id,
        t1_0.arrival_time,
        t1_0.available_seats,
        t1_0.departure_time,
        t1_0.end_station,
        t1_0.price,
        t1_0.start_station,
        t1_0.total_seats,
        t1_0.train_number 
    from
        trains t1_0 
    where
        t1_0.id=?
Hibernate: 
    select
        t1_0.id,
        t1_0.arrival_time,
        t1_0.available_seats,
        t1_0.departure_time,
        t1_0.end_station,
        t1_0.price,
        t1_0.start_station,
        t1_0.total_seats,
        t1_0.train_number 
    from
        trains t1_0 
    where
        t1_0.id=?
Hibernate: 
    select
        t1_0.id,
        t1_0.arrival_time,
        t1_0.available_seats,
        t1_0.departure_time,
        t1_0.end_station,
        t1_0.price,
        t1_0.start_station,
        t1_0.total_seats,
        t1_0.train_number 
    from
        trains t1_0 
    where
        t1_0.id=?
Hibernate: 
    select
        t1_0.id,
        t1_0.arrival_time,
        t1_0.available_seats,
        t1_0.departure_time,
        t1_0.end_station,
        t1_0.price,
        t1_0.start_station,
        t1_0.total_seats,
        t1_0.train_number 
    from
        trains t1_0 
    where
        t1_0.id=?
Hibernate: 
    select
        t1_0.id,
        t1_0.arrival_time,
        t1_0.available_seats,
        t1_0.departure_time,
        t1_0.end_station,
        t1_0.price,
        t1_0.start_station,
        t1_0.total_seats,
        t1_0.train_number 
    from
        trains t1_0 
    where
        t1_0.id=?
Hibernate: 
    select
        t1_0.id,
        t1_0.arrival_time,
        t1_0.available_seats,
        t1_0.departure_time,
        t1_0.end_station,
        t1_0.price,
        t1_0.start_station,
        t1_0.total_seats,
        t1_0.train_number 
    from
        trains t1_0 
    where
        t1_0.id=?
Hibernate: 
    select
        t1_0.id,
        t1_0.arrival_time,
        t1_0.available_seats,
        t1_0.departure_time,
        t1_0.end_station,
        t1_0.price,
        t1_0.start_station,
        t1_0.total_seats,
        t1_0.train_number 
    from
        trains t1_0 
    where
        t1_0.id=?
Hibernate: 
    select
        t1_0.id,
        t1_0.arrival_time,
        t1_0.available_seats,
        t1_0.departure_time,
        t1_0.end_station,
        t1_0.price,
        t1_0.start_station,
        t1_0.total_seats,
        t1_0.train_number 
    from
        trains t1_0 
    where
        t1_0.id=?
Hibernate: 
    select
        t1_0.id,
        t1_0.arrival_time,
        t1_0.available_seats,
        t1_0.departure_time,
        t1_0.end_station,
        t1_0.price,
        t1_0.start_station,
        t1_0.total_seats,
        t1_0.train_number 
    from
        trains t1_0 
    where
        t1_0.id=?
Hibernate: 
    select
        t1_0.id,
        t1_0.arrival_time,
        t1_0.available_seats,
        t1_0.departure_time,
        t1_0.end_station,
        t1_0.price,
        t1_0.start_station,
        t1_0.total_seats,
        t1_0.train_number 
    from
        trains t1_0 
    where
        t1_0.id=?
Hibernate: 
    select
        p1_0.id,
        p1_0.id_card,
        p1_0.name,
        p1_0.phone,
        p1_0.user_id 
    from
        passengers p1_0 
    where
        p1_0.id=?
Hibernate: 
    select
        t1_0.id,
        t1_0.arrival_time,
        t1_0.available_seats,
        t1_0.departure_time,
        t1_0.end_station,
        t1_0.price,
        t1_0.start_station,
        t1_0.total_seats,
        t1_0.train_number 
    from
        trains t1_0 
    where
        t1_0.id=?
Hibernate: 
    select
        p1_0.id,
        p1_0.id_card,
        p1_0.name,
        p1_0.phone,
        p1_0.user_id 
    from
        passengers p1_0 
    where
        p1_0.id=?
Hibernate: 
    select
        p1_0.id,
        p1_0.id_card,
        p1_0.name,
        p1_0.phone,
        p1_0.user_id 
    from
        passengers p1_0 
    where
        p1_0.id=?
Hibernate: 
    select
        p1_0.id,
        p1_0.id_card,
        p1_0.name,
        p1_0.phone,
        p1_0.user_id 
    from
        passengers p1_0 
    where
        p1_0.id=?
Hibernate: 
    select
        u1_0.id,
        u1_0.create_time,
        u1_0.id_card,
        u1_0.password,
        u1_0.phone,
        u1_0.real_name,
        u1_0.role,
        u1_0.username 
    from
        users u1_0
Hibernate: 
    select
        o1_0.id,
        o1_0.create_time,
        o1_0.order_no,
        o1_0.passenger_id,
        o1_0.pay_time,
        o1_0.pay_trade_no,
        o1_0.pay_type,
        o1_0.price,
        o1_0.status,
        o1_0.train_id,
        o1_0.user_id 
    from
        orders o1_0
Hibernate: 
    select
        t1_0.id,
        t1_0.arrival_time,
        t1_0.available_seats,
        t1_0.departure_time,
        t1_0.end_station,
        t1_0.price,
        t1_0.start_station,
        t1_0.total_seats,
        t1_0.train_number 
    from
        trains t1_0 
    where
        t1_0.id=?
Hibernate: 
    select
        t1_0.id,
        t1_0.arrival_time,
        t1_0.available_seats,
        t1_0.departure_time,
        t1_0.end_station,
        t1_0.price,
        t1_0.start_station,
        t1_0.total_seats,
        t1_0.train_number 
    from
        trains t1_0 
    where
        t1_0.id=?
Hibernate: 
    select
        t1_0.id,
        t1_0.arrival_time,
        t1_0.available_seats,
        t1_0.departure_time,
        t1_0.end_station,
        t1_0.price,
        t1_0.start_station,
        t1_0.total_seats,
        t1_0.train_number 
    from
        trains t1_0 
    where
        t1_0.id=?
Hibernate: 
    select
        t1_0.id,
        t1_0.arrival_time,
        t1_0.available_seats,
        t1_0.departure_time,
        t1_0.end_station,
        t1_0.price,
        t1_0.start_station,
        t1_0.total_seats,
        t1_0.train_number 
    from
        trains t1_0 
    where
        t1_0.id=?
Hibernate: 
    select
        t1_0.id,
        t1_0.arrival_time,
        t1_0.available_seats,
        t1_0.departure_time,
        t1_0.end_station,
        t1_0.price,
        t1_0.start_station,
        t1_0.total_seats,
        t1_0.train_number 
    from
        trains t1_0 
    where
        t1_0.id=?
Hibernate: 
    select
        t1_0.id,
        t1_0.arrival_time,
        t1_0.available_seats,
        t1_0.departure_time,
        t1_0.end_station,
        t1_0.price,
        t1_0.start_station,
        t1_0.total_seats,
        t1_0.train_number 
    from
        trains t1_0 
    where
        t1_0.id=?
Hibernate: 
    select
        t1_0.id,
        t1_0.arrival_time,
        t1_0.available_seats,
        t1_0.departure_time,
        t1_0.end_station,
        t1_0.price,
        t1_0.start_station,
        t1_0.total_seats,
        t1_0.train_number 
    from
        trains t1_0 
    where
        t1_0.id=?
Hibernate: 
    select
        t1_0.id,
        t1_0.arrival_time,
        t1_0.available_seats,
        t1_0.departure_time,
        t1_0.end_station,
        t1_0.price,
        t1_0.start_station,
        t1_0.total_seats,
        t1_0.train_number 
    from
        trains t1_0 
    where
        t1_0.id=?
Hibernate: 
    select
        t1_0.id,
        t1_0.arrival_time,
        t1_0.available_seats,
        t1_0.departure_time,
        t1_0.end_station,
        t1_0.price,
        t1_0.start_station,
        t1_0.total_seats,
        t1_0.train_number 
    from
        trains t1_0 
    where
        t1_0.id=?
Hibernate: 
    select
        t1_0.id,
        t1_0.arrival_time,
        t1_0.available_seats,
        t1_0.departure_time,
        t1_0.end_station,
        t1_0.price,
        t1_0.start_station,
        t1_0.total_seats,
        t1_0.train_number 
    from
        trains t1_0 
    where
        t1_0.id=?
Hibernate: 
    select
        t1_0.id,
        t1_0.arrival_time,
        t1_0.available_seats,
        t1_0.departure_time,
        t1_0.end_station,
        t1_0.price,
        t1_0.start_station,
        t1_0.total_seats,
        t1_0.train_number 
    from
        trains t1_0 
    where
        t1_0.id=?
Hibernate: 
    select
        t1_0.id,
        t1_0.arrival_time,
        t1_0.available_seats,
        t1_0.departure_time,
        t1_0.end_station,
        t1_0.price,
        t1_0.start_station,
        t1_0.total_seats,
        t1_0.train_number 
    from
        trains t1_0 
    where
        t1_0.id=?
Hibernate: 
    select
        t1_0.id,
        t1_0.arrival_time,
        t1_0.available_seats,
        t1_0.departure_time,
        t1_0.end_station,
        t1_0.price,
        t1_0.start_station,
        t1_0.total_seats,
        t1_0.train_number 
    from
        trains t1_0 
    where
        t1_0.id=?
Hibernate: 
    select
        t1_0.id,
        t1_0.arrival_time,
        t1_0.available_seats,
        t1_0.departure_time,
        t1_0.end_station,
        t1_0.price,
        t1_0.start_station,
        t1_0.total_seats,
        t1_0.train_number 
    from
        trains t1_0 
    where
        t1_0.id=?
Hibernate: 
    select
        t1_0.id,
        t1_0.arrival_time,
        t1_0.available_seats,
        t1_0.departure_time,
        t1_0.end_station,
        t1_0.price,
        t1_0.start_station,
        t1_0.total_seats,
        t1_0.train_number 
    from
        trains t1_0 
    where
        t1_0.id=?
Hibernate: 
    select
        t1_0.id,
        t1_0.arrival_time,
        t1_0.available_seats,
        t1_0.departure_time,
        t1_0.end_station,
        t1_0.price,
        t1_0.start_station,
        t1_0.total_seats,
        t1_0.train_number 
    from
        trains t1_0 
    where
        t1_0.id=?
Hibernate: 
    select
        t1_0.id,
        t1_0.arrival_time,
        t1_0.available_seats,
        t1_0.departure_time,
        t1_0.end_station,
        t1_0.price,
        t1_0.start_station,
        t1_0.total_seats,
        t1_0.train_number 
    from
        trains t1_0 
    where
        t1_0.id=?
Hibernate: 
    select
        t1_0.id,
        t1_0.arrival_time,
        t1_0.available_seats,
        t1_0.departure_time,
        t1_0.end_station,
        t1_0.price,
        t1_0.start_station,
        t1_0.total_seats,
        t1_0.train_number 
    from
        trains t1_0 
    where
        t1_0.id=?
Hibernate: 
    select
        t1_0.id,
        t1_0.arrival_time,
        t1_0.available_seats,
        t1_0.departure_time,
        t1_0.end_station,
        t1_0.price,
        t1_0.start_station,
        t1_0.total_seats,
        t1_0.train_number 
    from
        trains t1_0 
    where
        t1_0.id=?
Hibernate: 
    select
        t1_0.id,
        t1_0.arrival_time,
        t1_0.available_seats,
        t1_0.departure_time,
        t1_0.end_station,
        t1_0.price,
        t1_0.start_station,
        t1_0.total_seats,
        t1_0.train_number 
    from
        trains t1_0 
    where
        t1_0.id=?
Hibernate: 
    select
        t1_0.id,
        t1_0.arrival_time,
        t1_0.available_seats,
        t1_0.departure_time,
        t1_0.end_station,
        t1_0.price,
        t1_0.start_station,
        t1_0.total_seats,
        t1_0.train_number 
    from
        trains t1_0 
    where
        t1_0.id=?
Hibernate: 
    select
        t1_0.id,
        t1_0.arrival_time,
        t1_0.available_seats,
        t1_0.departure_time,
        t1_0.end_station,
        t1_0.price,
        t1_0.start_station,
        t1_0.total_seats,
        t1_0.train_number 
    from
        trains t1_0 
    where
        t1_0.id=?
Hibernate: 
    select
        p1_0.id,
        p1_0.id_card,
        p1_0.name,
        p1_0.phone,
        p1_0.user_id 
    from
        passengers p1_0 
    where
        p1_0.id=?
Hibernate: 
    select
        t1_0.id,
        t1_0.arrival_time,
        t1_0.available_seats,
        t1_0.departure_time,
        t1_0.end_station,
        t1_0.price,
        t1_0.start_station,
        t1_0.total_seats,
        t1_0.train_number 
    from
        trains t1_0 
    where
        t1_0.id=?
Hibernate: 
    select
        p1_0.id,
        p1_0.id_card,
        p1_0.name,
        p1_0.phone,
        p1_0.user_id 
    from
        passengers p1_0 
    where
        p1_0.id=?
Hibernate: 
    select
        p1_0.id,
        p1_0.id_card,
        p1_0.name,
        p1_0.phone,
        p1_0.user_id 
    from
        passengers p1_0 
    where
        p1_0.id=?
Hibernate: 
    select
        p1_0.id,
        p1_0.id_card,
        p1_0.name,
        p1_0.phone,
        p1_0.user_id 
    from
        passengers p1_0 
    where
        p1_0.id=?
Hibernate: 
    select
        n1_0.id,
        n1_0.content,
        n1_0.create_time,
        n1_0.title,
        n1_0.type 
    from
        notifications n1_0 
    order by
        n1_0.create_time desc
Hibernate: 
    select
        n1_0.id,
        n1_0.content,
        n1_0.create_time,
        n1_0.title,
        n1_0.type 
    from
        notifications n1_0 
    order by
        n1_0.create_time desc
Hibernate: 
    select
        unr1_0.id,
        unr1_0.notification_id,
        unr1_0.read_time,
        unr1_0.user_id 
    from
        user_notification_read unr1_0 
    where
        unr1_0.user_id=?
Hibernate: 
    select
        n1_0.id,
        n1_0.content,
        n1_0.create_time,
        n1_0.title,
        n1_0.type 
    from
        notifications n1_0 
    where
        n1_0.id=?
Hibernate: 
    select
        unr1_0.id 
    from
        user_notification_read unr1_0 
    where
        unr1_0.user_id=? 
        and unr1_0.notification_id=? 
    limit
        ?
Hibernate: 
    select
        count(*) 
    from
        notifications n1_0
Hibernate: 
    select
        unr1_0.id,
        unr1_0.notification_id,
        unr1_0.read_time,
        unr1_0.user_id 
    from
        user_notification_read unr1_0 
    where
        unr1_0.user_id=?
Hibernate: 
    select
        n1_0.id,
        n1_0.content,
        n1_0.create_time,
        n1_0.title,
        n1_0.type 
    from
        notifications n1_0 
    order by
        n1_0.create_time desc
Hibernate: 
    select
        unr1_0.id,
        unr1_0.notification_id,
        unr1_0.read_time,
        unr1_0.user_id 
    from
        user_notification_read unr1_0 
    where
        unr1_0.user_id=?
Hibernate: 
    select
        count(*) 
    from
        notifications n1_0
Hibernate: 
    select
        unr1_0.id,
        unr1_0.notification_id,
        unr1_0.read_time,
        unr1_0.user_id 
    from
        user_notification_read unr1_0 
    where
        unr1_0.user_id=?
Hibernate: 
    select
        n1_0.id,
        n1_0.content,
        n1_0.create_time,
        n1_0.title,
        n1_0.type 
    from
        notifications n1_0 
    order by
        n1_0.create_time desc
Hibernate: 
    select
        unr1_0.id,
        unr1_0.notification_id,
        unr1_0.read_time,
        unr1_0.user_id 
    from
        user_notification_read unr1_0 
    where
        unr1_0.user_id=?
Hibernate: 
    select
        count(*) 
    from
        notifications n1_0
Hibernate: 
    select
        unr1_0.id,
        unr1_0.notification_id,
        unr1_0.read_time,
        unr1_0.user_id 
    from
        user_notification_read unr1_0 
    where
        unr1_0.user_id=?
Hibernate: 
    select
        n1_0.id,
        n1_0.content,
        n1_0.create_time,
        n1_0.title,
        n1_0.type 
    from
        notifications n1_0 
    order by
        n1_0.create_time desc
Hibernate: 
    select
        unr1_0.id,
        unr1_0.notification_id,
        unr1_0.read_time,
        unr1_0.user_id 
    from
        user_notification_read unr1_0 
    where
        unr1_0.user_id=?
Hibernate: 
    select
        p1_0.id,
        p1_0.id_card,
        p1_0.name,
        p1_0.phone,
        p1_0.user_id 
    from
        passengers p1_0 
    where
        p1_0.user_id=?
Hibernate: 
    select
        count(*) 
    from
        notifications n1_0
Hibernate: 
    select
        unr1_0.id,
        unr1_0.notification_id,
        unr1_0.read_time,
        unr1_0.user_id 
    from
        user_notification_read unr1_0 
    where
        unr1_0.user_id=?
Hibernate: 
    select
        p1_0.id,
        p1_0.id_card,
        p1_0.name,
        p1_0.phone,
        p1_0.user_id 
    from
        passengers p1_0 
    where
        p1_0.user_id=?
Hibernate: 
    select
        t1_0.id,
        t1_0.arrival_time,
        t1_0.available_seats,
        t1_0.departure_time,
        t1_0.end_station,
        t1_0.price,
        t1_0.start_station,
        t1_0.total_seats,
        t1_0.train_number 
    from
        trains t1_0
Hibernate: 
    select
        u1_0.id,
        u1_0.create_time,
        u1_0.id_card,
        u1_0.password,
        u1_0.phone,
        u1_0.real_name,
        u1_0.role,
        u1_0.username 
    from
        users u1_0 
    where
        u1_0.username=?
Hibernate: 
    select
        t1_0.id,
        t1_0.arrival_time,
        t1_0.available_seats,
        t1_0.departure_time,
        t1_0.end_station,
        t1_0.price,
        t1_0.start_station,
        t1_0.total_seats,
        t1_0.train_number 
    from
        trains t1_0
Hibernate: 
    select
        n1_0.id,
        n1_0.content,
        n1_0.create_time,
        n1_0.title,
        n1_0.type 
    from
        notifications n1_0 
    order by
        n1_0.create_time desc
Hibernate: 
    select
        unr1_0.id,
        unr1_0.notification_id,
        unr1_0.read_time,
        unr1_0.user_id 
    from
        user_notification_read unr1_0 
    where
        unr1_0.user_id=?
Hibernate: 
    select
        u1_0.id,
        u1_0.create_time,
        u1_0.id_card,
        u1_0.password,
        u1_0.phone,
        u1_0.real_name,
        u1_0.role,
        u1_0.username 
    from
        users u1_0 
    where
        u1_0.id=?
2026-06-12T16:58:19.324+08:00  INFO 73748 --- [demo] [   File Watcher] rtingClassPathChangeChangedEventListener : Restarting due to 46 class path changes (0 additions, 46 deletions, 0 modifications)
2026-06-12T16:58:19.326+08:00  INFO 73748 --- [demo] [      Thread-25] o.s.boot.tomcat.GracefulShutdown         : Commencing graceful shutdown. Waiting for active requests to complete
2026-06-12T16:58:19.335+08:00  INFO 73748 --- [demo] [tomcat-shutdown] o.s.boot.tomcat.GracefulShutdown         : Graceful shutdown complete
2026-06-12T16:58:19.338+08:00  INFO 73748 --- [demo] [      Thread-25] j.LocalContainerEntityManagerFactoryBean : Closing JPA EntityManagerFactory for persistence unit 'default'
2026-06-12T16:58:19.339+08:00  INFO 73748 --- [demo] [      Thread-25] com.zaxxer.hikari.HikariDataSource       : HikariPool-7 - Shutdown initiated...
2026-06-12T16:58:19.341+08:00  INFO 73748 --- [demo] [      Thread-25] com.zaxxer.hikari.HikariDataSource       : HikariPool-7 - Shutdown completed.

  .   ____          _            __ _ _
 /\\ / ___'_ __ _ _(_)_ __  __ _ \ \ \ \
( ( )\___ | '_ | '_| | '_ \/ _` | \ \ \ \
 \\/  ___)| |_)| | | | | || (_| |  ) ) ) )
  '  |____| .__|_| |_|_| |_\__, | / / / /
 =========|_|==============|___/=/_/_/_/

 :: Spring Boot ::                (v4.0.6)

2026-06-12T16:58:19.449+08:00  INFO 73748 --- [demo] [  restartedMain] com.example.demo.DemoApplication         : Starting DemoApplication using Java 24.0.2 with PID 73748 (C:\Users\Administrator\Desktop\mini12306\demo\target\classes started by Administrator in C:\Users\Administrator\Desktop\mini12306\demo)
2026-06-12T16:58:19.449+08:00  INFO 73748 --- [demo] [  restartedMain] com.example.demo.DemoApplication         : No active profile set, falling back to 1 default profile: "default"
2026-06-12T16:58:19.678+08:00  INFO 73748 --- [demo] [  restartedMain] .s.d.r.c.RepositoryConfigurationDelegate : Bootstrapping Spring Data JPA repositories in DEFAULT mode.
2026-06-12T16:58:19.683+08:00  INFO 73748 --- [demo] [  restartedMain] .s.d.r.c.RepositoryConfigurationDelegate : Finished Spring Data repository scanning in 2 ms. Found 0 JPA repository interfaces.
2026-06-12T16:58:19.796+08:00  INFO 73748 --- [demo] [  restartedMain] o.s.boot.tomcat.TomcatWebServer          : Tomcat initialized with port 8080 (http)
2026-06-12T16:58:19.798+08:00  INFO 73748 --- [demo] [  restartedMain] o.apache.catalina.core.StandardService   : Starting service [Tomcat]
2026-06-12T16:58:19.798+08:00  INFO 73748 --- [demo] [  restartedMain] o.apache.catalina.core.StandardEngine    : Starting Servlet engine: [Apache Tomcat/11.0.21]
2026-06-12T16:58:19.823+08:00  INFO 73748 --- [demo] [  restartedMain] b.w.c.s.WebApplicationContextInitializer : Root WebApplicationContext: initialization completed in 371 ms
2026-06-12T16:58:19.868+08:00  INFO 73748 --- [demo] [  restartedMain] org.hibernate.orm.jpa                    : HHH008540: Processing PersistenceUnitInfo [name: default]
2026-06-12T16:58:19.898+08:00  INFO 73748 --- [demo] [  restartedMain] o.s.o.j.p.SpringPersistenceUnitInfo      : No LoadTimeWeaver setup: ignoring JPA class transformer
2026-06-12T16:58:19.899+08:00  INFO 73748 --- [demo] [  restartedMain] com.zaxxer.hikari.HikariDataSource       : HikariPool-8 - Starting...
2026-06-12T16:58:19.905+08:00  INFO 73748 --- [demo] [  restartedMain] com.zaxxer.hikari.pool.HikariPool        : HikariPool-8 - Added connection com.mysql.cj.jdbc.ConnectionImpl@4867670d
2026-06-12T16:58:19.906+08:00  INFO 73748 --- [demo] [  restartedMain] com.zaxxer.hikari.HikariDataSource       : HikariPool-8 - Start completed.
2026-06-12T16:58:19.907+08:00  INFO 73748 --- [demo] [  restartedMain] org.hibernate.orm.connections.pooling    : HHH10001005: Database info:
	Database JDBC URL [jdbc:mysql://localhost:3306/mini12306?useSSL=false&serverTimezone=Asia/Shanghai&allowPublicKeyRetrieval=true&characterEncoding=UTF-8]
	Database driver: MySQL Connector/J
	Database dialect: MySQLDialect
	Database version: 9.6
	Default catalog/schema: mini12306/undefined
	Autocommit mode: undefined/unknown
	Isolation level: REPEATABLE_READ [default REPEATABLE_READ]
	JDBC fetch size: none
	Pool: DataSourceConnectionProvider
	Minimum pool size: undefined/unknown
	Maximum pool size: undefined/unknown
2026-06-12T16:58:19.928+08:00  INFO 73748 --- [demo] [  restartedMain] org.hibernate.orm.core                   : HHH000489: No JTA platform available (set 'hibernate.transaction.jta.platform' to enable JTA platform integration)
2026-06-12T16:58:19.929+08:00  INFO 73748 --- [demo] [  restartedMain] j.LocalContainerEntityManagerFactoryBean : Initialized JPA EntityManagerFactory for persistence unit 'default'
2026-06-12T16:58:20.078+08:00  INFO 73748 --- [demo] [  restartedMain] o.s.boot.tomcat.TomcatWebServer          : Tomcat started on port 8080 (http) with context path '/'
2026-06-12T16:58:20.080+08:00  INFO 73748 --- [demo] [  restartedMain] com.example.demo.DemoApplication         : Started DemoApplication in 0.668 seconds (process running for 3063.574)
2026-06-12T16:58:20.081+08:00  INFO 73748 --- [demo] [  restartedMain] .ConditionEvaluationDeltaLoggingListener : Condition evaluation unchanged
2026-06-12T16:58:22.899+08:00  INFO 73748 --- [demo] [   File Watcher] rtingClassPathChangeChangedEventListener : Restarting due to 47 class path changes (47 additions, 0 deletions, 0 modifications)
2026-06-12T16:58:22.900+08:00  INFO 73748 --- [demo] [      Thread-29] o.s.boot.tomcat.GracefulShutdown         : Commencing graceful shutdown. Waiting for active requests to complete
2026-06-12T16:58:22.910+08:00  INFO 73748 --- [demo] [tomcat-shutdown] o.s.boot.tomcat.GracefulShutdown         : Graceful shutdown complete
2026-06-12T16:58:22.911+08:00  INFO 73748 --- [demo] [      Thread-29] j.LocalContainerEntityManagerFactoryBean : Closing JPA EntityManagerFactory for persistence unit 'default'
2026-06-12T16:58:22.912+08:00  INFO 73748 --- [demo] [      Thread-29] com.zaxxer.hikari.HikariDataSource       : HikariPool-8 - Shutdown initiated...
2026-06-12T16:58:22.913+08:00  INFO 73748 --- [demo] [      Thread-29] com.zaxxer.hikari.HikariDataSource       : HikariPool-8 - Shutdown completed.

  .   ____          _            __ _ _
 /\\ / ___'_ __ _ _(_)_ __  __ _ \ \ \ \
( ( )\___ | '_ | '_| | '_ \/ _` | \ \ \ \
 \\/  ___)| |_)| | | | | || (_| |  ) ) ) )
  '  |____| .__|_| |_|_| |_\__, | / / / /
 =========|_|==============|___/=/_/_/_/

 :: Spring Boot ::                (v4.0.6)

2026-06-12T16:58:22.987+08:00  INFO 73748 --- [demo] [  restartedMain] com.example.demo.DemoApplication         : Starting DemoApplication using Java 24.0.2 with PID 73748 (C:\Users\Administrator\Desktop\mini12306\demo\target\classes started by Administrator in C:\Users\Administrator\Desktop\mini12306\demo)
2026-06-12T16:58:22.987+08:00  INFO 73748 --- [demo] [  restartedMain] com.example.demo.DemoApplication         : No active profile set, falling back to 1 default profile: "default"
2026-06-12T16:58:23.140+08:00  INFO 73748 --- [demo] [  restartedMain] .s.d.r.c.RepositoryConfigurationDelegate : Bootstrapping Spring Data JPA repositories in DEFAULT mode.
2026-06-12T16:58:23.160+08:00  INFO 73748 --- [demo] [  restartedMain] .s.d.r.c.RepositoryConfigurationDelegate : Finished Spring Data repository scanning in 18 ms. Found 8 JPA repository interfaces.
2026-06-12T16:58:23.238+08:00  INFO 73748 --- [demo] [  restartedMain] o.s.boot.tomcat.TomcatWebServer          : Tomcat initialized with port 8080 (http)
2026-06-12T16:58:23.239+08:00  INFO 73748 --- [demo] [  restartedMain] o.apache.catalina.core.StandardService   : Starting service [Tomcat]
2026-06-12T16:58:23.239+08:00  INFO 73748 --- [demo] [  restartedMain] o.apache.catalina.core.StandardEngine    : Starting Servlet engine: [Apache Tomcat/11.0.21]
2026-06-12T16:58:23.259+08:00  INFO 73748 --- [demo] [  restartedMain] b.w.c.s.WebApplicationContextInitializer : Root WebApplicationContext: initialization completed in 270 ms
2026-06-12T16:58:23.289+08:00  INFO 73748 --- [demo] [  restartedMain] org.hibernate.orm.jpa                    : HHH008540: Processing PersistenceUnitInfo [name: default]
2026-06-12T16:58:23.322+08:00  INFO 73748 --- [demo] [  restartedMain] o.s.o.j.p.SpringPersistenceUnitInfo      : No LoadTimeWeaver setup: ignoring JPA class transformer
2026-06-12T16:58:23.323+08:00  INFO 73748 --- [demo] [  restartedMain] com.zaxxer.hikari.HikariDataSource       : HikariPool-9 - Starting...
2026-06-12T16:58:23.326+08:00  INFO 73748 --- [demo] [  restartedMain] com.zaxxer.hikari.pool.HikariPool        : HikariPool-9 - Added connection com.mysql.cj.jdbc.ConnectionImpl@33adc803
2026-06-12T16:58:23.326+08:00  INFO 73748 --- [demo] [  restartedMain] com.zaxxer.hikari.HikariDataSource       : HikariPool-9 - Start completed.
2026-06-12T16:58:23.328+08:00  INFO 73748 --- [demo] [  restartedMain] org.hibernate.orm.connections.pooling    : HHH10001005: Database info:
	Database JDBC URL [jdbc:mysql://localhost:3306/mini12306?useSSL=false&serverTimezone=Asia/Shanghai&allowPublicKeyRetrieval=true&characterEncoding=UTF-8]
	Database driver: MySQL Connector/J
	Database dialect: MySQLDialect
	Database version: 9.6
	Default catalog/schema: mini12306/undefined
	Autocommit mode: undefined/unknown
	Isolation level: REPEATABLE_READ [default REPEATABLE_READ]
	JDBC fetch size: none
	Pool: DataSourceConnectionProvider
	Minimum pool size: undefined/unknown
	Maximum pool size: undefined/unknown
2026-06-12T16:58:23.485+08:00  INFO 73748 --- [demo] [  restartedMain] org.hibernate.orm.core                   : HHH000489: No JTA platform available (set 'hibernate.transaction.jta.platform' to enable JTA platform integration)
2026-06-12T16:58:23.540+08:00  INFO 73748 --- [demo] [  restartedMain] j.LocalContainerEntityManagerFactoryBean : Initialized JPA EntityManagerFactory for persistence unit 'default'
Hibernate: 
    select
        u1_0.id,
        u1_0.create_time,
        u1_0.id_card,
        u1_0.password,
        u1_0.phone,
        u1_0.real_name,
        u1_0.role,
        u1_0.username 
    from
        users u1_0 
    where
        u1_0.username=?
Hibernate: 
    select
        u1_0.id,
        u1_0.create_time,
        u1_0.id_card,
        u1_0.password,
        u1_0.phone,
        u1_0.real_name,
        u1_0.role,
        u1_0.username 
    from
        users u1_0 
    where
        u1_0.username=?
Hibernate: 
    select
        count(*) 
    from
        trains t1_0
2026-06-12T16:58:23.820+08:00  INFO 73748 --- [demo] [  restartedMain] o.s.boot.tomcat.TomcatWebServer          : Tomcat started on port 8080 (http) with context path '/'
2026-06-12T16:58:23.822+08:00  INFO 73748 --- [demo] [  restartedMain] com.example.demo.DemoApplication         : Started DemoApplication in 0.855 seconds (process running for 3067.316)
2026-06-12T16:58:23.823+08:00  INFO 73748 --- [demo] [  restartedMain] .ConditionEvaluationDeltaLoggingListener : Condition evaluation unchanged
2026-06-12T16:58:38.702+08:00  INFO 73748 --- [demo] [nio-8080-exec-1] o.a.c.c.C.[Tomcat].[localhost].[/]       : Initializing Spring DispatcherServlet 'dispatcherServlet'
2026-06-12T16:58:38.702+08:00  INFO 73748 --- [demo] [nio-8080-exec-1] o.s.web.servlet.DispatcherServlet        : Initializing Servlet 'dispatcherServlet'
2026-06-12T16:58:38.703+08:00  INFO 73748 --- [demo] [nio-8080-exec-1] o.s.web.servlet.DispatcherServlet        : Completed initialization in 1 ms
Hibernate: 
    select
        count(*) 
    from
        notifications n1_0
Hibernate: 
    select
        unr1_0.id,
        unr1_0.notification_id,
        unr1_0.read_time,
        unr1_0.user_id 
    from
        user_notification_read unr1_0 
    where
        unr1_0.user_id=?
Hibernate: 
    select
        count(*) 
    from
        notifications n1_0
Hibernate: 
    select
        unr1_0.id,
        unr1_0.notification_id,
        unr1_0.read_time,
        unr1_0.user_id 
    from
        user_notification_read unr1_0 
    where
        unr1_0.user_id=?
Hibernate: 
    select
        u1_0.id,
        u1_0.create_time,
        u1_0.id_card,
        u1_0.password,
        u1_0.phone,
        u1_0.real_name,
        u1_0.role,
        u1_0.username 
    from
        users u1_0 
    where
        u1_0.id=?
Hibernate: 
    select
        u1_0.id,
        u1_0.create_time,
        u1_0.id_card,
        u1_0.password,
        u1_0.phone,
        u1_0.real_name,
        u1_0.role,
        u1_0.username 
    from
        users u1_0 
    where
        u1_0.id=?
Hibernate: 
    select
        u1_0.id,
        u1_0.create_time,
        u1_0.id_card,
        u1_0.password,
        u1_0.phone,
        u1_0.real_name,
        u1_0.role,
        u1_0.username 
    from
        users u1_0 
    where
        u1_0.id=?
Hibernate: 
    select
        u1_0.id,
        u1_0.create_time,
        u1_0.id_card,
        u1_0.password,
        u1_0.phone,
        u1_0.real_name,
        u1_0.role,
        u1_0.username 
    from
        users u1_0 
    where
        u1_0.id=?
Hibernate: 
    select
        u1_0.id,
        u1_0.create_time,
        u1_0.id_card,
        u1_0.password,
        u1_0.phone,
        u1_0.real_name,
        u1_0.role,
        u1_0.username 
    from
        users u1_0 
    where
        u1_0.id=?
Hibernate: 
    select
        count(*) 
    from
        notifications n1_0
Hibernate: 
    select
        n1_0.id,
        n1_0.content,
        n1_0.create_time,
        n1_0.title,
        n1_0.type 
    from
        notifications n1_0 
    order by
        n1_0.create_time desc
Hibernate: 
    select
        unr1_0.id,
        unr1_0.notification_id,
        unr1_0.read_time,
        unr1_0.user_id 
    from
        user_notification_read unr1_0 
    where
        unr1_0.user_id=?
Hibernate: 
    select
        unr1_0.id,
        unr1_0.notification_id,
        unr1_0.read_time,
        unr1_0.user_id 
    from
        user_notification_read unr1_0 
    where
        unr1_0.user_id=?
Hibernate: 
    select
        n1_0.id,
        n1_0.content,
        n1_0.create_time,
        n1_0.title,
        n1_0.type 
    from
        notifications n1_0 
    order by
        n1_0.create_time desc
Hibernate: 
    select
        unr1_0.id,
        unr1_0.notification_id,
        unr1_0.read_time,
        unr1_0.user_id 
    from
        user_notification_read unr1_0 
    where
        unr1_0.user_id=?
2026-06-12T17:07:07.710+08:00  WARN 73748 --- [demo] [l-9:housekeeper] com.zaxxer.hikari.pool.HikariPool        : HikariPool-9 - Thread starvation or clock leap detected (housekeeper delta=7m14s280ms114?s400ns).
Hibernate: 
    select
        count(*) 
    from
        notifications n1_0
Hibernate: 
    select
        unr1_0.id,
        unr1_0.notification_id,
        unr1_0.read_time,
        unr1_0.user_id 
    from
        user_notification_read unr1_0 
    where
        unr1_0.user_id=?
Hibernate: 
    select
        u1_0.id,
        u1_0.create_time,
        u1_0.id_card,
        u1_0.password,
        u1_0.phone,
        u1_0.real_name,
        u1_0.role,
        u1_0.username 
    from
        users u1_0 
    where
        u1_0.id=?
Hibernate: 
    select
        count(*) 
    from
        notifications n1_0
Hibernate: 
    select
        unr1_0.id,
        unr1_0.notification_id,
        unr1_0.read_time,
        unr1_0.user_id 
    from
        user_notification_read unr1_0 
    where
        unr1_0.user_id=?
Hibernate: 
    select
        count(*) 
    from
        notifications n1_0
Hibernate: 
    select
        unr1_0.id,
        unr1_0.notification_id,
        unr1_0.read_time,
        unr1_0.user_id 
    from
        user_notification_read unr1_0 
    where
        unr1_0.user_id=?
Hibernate: 
    select
        n1_0.id,
        n1_0.content,
        n1_0.create_time,
        n1_0.title,
        n1_0.type 
    from
        notifications n1_0 
    order by
        n1_0.create_time desc
Hibernate: 
    select
        unr1_0.id,
        unr1_0.notification_id,
        unr1_0.read_time,
        unr1_0.user_id 
    from
        user_notification_read unr1_0 
    where
        unr1_0.user_id=?
Hibernate: 
    select
        n1_0.id,
        n1_0.content,
        n1_0.create_time,
        n1_0.title,
        n1_0.type 
    from
        notifications n1_0 
    order by
        n1_0.create_time desc
Hibernate: 
    select
        unr1_0.id,
        unr1_0.notification_id,
        unr1_0.read_time,
        unr1_0.user_id 
    from
        user_notification_read unr1_0 
    where
        unr1_0.user_id=?
Hibernate: 
    select
        t1_0.id,
        t1_0.arrival_time,
        t1_0.available_seats,
        t1_0.departure_time,
        t1_0.end_station,
        t1_0.price,
        t1_0.start_station,
        t1_0.total_seats,
        t1_0.train_number 
    from
        trains t1_0
Hibernate: 
    select
        u1_0.id,
        u1_0.create_time,
        u1_0.id_card,
        u1_0.password,
        u1_0.phone,
        u1_0.real_name,
        u1_0.role,
        u1_0.username 
    from
        users u1_0 
    where
        u1_0.username=?
Hibernate: 
    select
        count(*) 
    from
        trains t1_0
Hibernate: 
    select
        count(*) 
    from
        users u1_0
Hibernate: 
    select
        count(*) 
    from
        orders o1_0
Hibernate: 
    select
        o1_0.id,
        o1_0.create_time,
        o1_0.order_no,
        o1_0.passenger_id,
        o1_0.pay_time,
        o1_0.pay_trade_no,
        o1_0.pay_type,
        o1_0.price,
        o1_0.status,
        o1_0.train_id,
        o1_0.user_id 
    from
        orders o1_0
Hibernate: 
    select
        u1_0.id,
        u1_0.create_time,
        u1_0.id_card,
        u1_0.password,
        u1_0.phone,
        u1_0.real_name,
        u1_0.role,
        u1_0.username 
    from
        users u1_0
Hibernate: 
    select
        n1_0.id,
        n1_0.content,
        n1_0.create_time,
        n1_0.title,
        n1_0.type 
    from
        notifications n1_0 
    order by
        n1_0.create_time desc
Hibernate: 
    select
        count(*) 
    from
        trains t1_0
Hibernate: 
    select
        count(*) 
    from
        users u1_0
Hibernate: 
    select
        count(*) 
    from
        orders o1_0
Hibernate: 
    select
        o1_0.id,
        o1_0.create_time,
        o1_0.order_no,
        o1_0.passenger_id,
        o1_0.pay_time,
        o1_0.pay_trade_no,
        o1_0.pay_type,
        o1_0.price,
        o1_0.status,
        o1_0.train_id,
        o1_0.user_id 
    from
        orders o1_0
Hibernate: 
    select
        p1_0.id,
        p1_0.id_card,
        p1_0.name,
        p1_0.phone,
        p1_0.user_id 
    from
        passengers p1_0 
    where
        p1_0.user_id=?
Hibernate: 
    select
        o1_0.id,
        o1_0.create_time,
        o1_0.order_no,
        o1_0.passenger_id,
        o1_0.pay_time,
        o1_0.pay_trade_no,
        o1_0.pay_type,
        o1_0.price,
        o1_0.status,
        o1_0.train_id,
        o1_0.user_id 
    from
        orders o1_0 
    where
        o1_0.user_id=?
2026-06-12T18:01:03.735+08:00  WARN 73748 --- [demo] [l-9:housekeeper] com.zaxxer.hikari.pool.HikariPool        : HikariPool-9 - Thread starvation or clock leap detected (housekeeper delta=15m25s974ms366?s200ns).
Hibernate: 
    select
        count(*) 
    from
        trains t1_0
Hibernate: 
    select
        count(*) 
    from
        users u1_0
Hibernate: 
    select
        count(*) 
    from
        orders o1_0
Hibernate: 
    select
        o1_0.id,
        o1_0.create_time,
        o1_0.order_no,
        o1_0.passenger_id,
        o1_0.pay_time,
        o1_0.pay_trade_no,
        o1_0.pay_type,
        o1_0.price,
        o1_0.status,
        o1_0.train_id,
        o1_0.user_id 
    from
        orders o1_0
Hibernate: 
    select
        count(*) 
    from
        trains t1_0
Hibernate: 
    select
        count(*) 
    from
        users u1_0
Hibernate: 
    select
        count(*) 
    from
        orders o1_0
Hibernate: 
    select
        o1_0.id,
        o1_0.create_time,
        o1_0.order_no,
        o1_0.passenger_id,
        o1_0.pay_time,
        o1_0.pay_trade_no,
        o1_0.pay_type,
        o1_0.price,
        o1_0.status,
        o1_0.train_id,
        o1_0.user_id 
    from
        orders o1_0
Hibernate: 
    select
        t1_0.id,
        t1_0.arrival_time,
        t1_0.available_seats,
        t1_0.departure_time,
        t1_0.end_station,
        t1_0.price,
        t1_0.start_station,
        t1_0.total_seats,
        t1_0.train_number 
    from
        trains t1_0
Hibernate: 
    select
        count(*) 
    from
        trains t1_0
Hibernate: 
    select
        count(*) 
    from
        users u1_0
Hibernate: 
    select
        count(*) 
    from
        orders o1_0
Hibernate: 
    select
        o1_0.id,
        o1_0.create_time,
        o1_0.order_no,
        o1_0.passenger_id,
        o1_0.pay_time,
        o1_0.pay_trade_no,
        o1_0.pay_type,
        o1_0.price,
        o1_0.status,
        o1_0.train_id,
        o1_0.user_id 
    from
        orders o1_0
Hibernate: 
    select
        t1_0.id,
        t1_0.arrival_time,
        t1_0.available_seats,
        t1_0.departure_time,
        t1_0.end_station,
        t1_0.price,
        t1_0.start_station,
        t1_0.total_seats,
        t1_0.train_number 
    from
        trains t1_0
Hibernate: 
    select
        o1_0.id,
        o1_0.create_time,
        o1_0.order_no,
        o1_0.passenger_id,
        o1_0.pay_time,
        o1_0.pay_trade_no,
        o1_0.pay_type,
        o1_0.price,
        o1_0.status,
        o1_0.train_id,
        o1_0.user_id 
    from
        orders o1_0
Hibernate: 
    select
        t1_0.id,
        t1_0.arrival_time,
        t1_0.available_seats,
        t1_0.departure_time,
        t1_0.end_station,
        t1_0.price,
        t1_0.start_station,
        t1_0.total_seats,
        t1_0.train_number 
    from
        trains t1_0 
    where
        t1_0.id=?
Hibernate: 
    select
        t1_0.id,
        t1_0.arrival_time,
        t1_0.available_seats,
        t1_0.departure_time,
        t1_0.end_station,
        t1_0.price,
        t1_0.start_station,
        t1_0.total_seats,
        t1_0.train_number 
    from
        trains t1_0 
    where
        t1_0.id=?
Hibernate: 
    select
        t1_0.id,
        t1_0.arrival_time,
        t1_0.available_seats,
        t1_0.departure_time,
        t1_0.end_station,
        t1_0.price,
        t1_0.start_station,
        t1_0.total_seats,
        t1_0.train_number 
    from
        trains t1_0 
    where
        t1_0.id=?
Hibernate: 
    select
        t1_0.id,
        t1_0.arrival_time,
        t1_0.available_seats,
        t1_0.departure_time,
        t1_0.end_station,
        t1_0.price,
        t1_0.start_station,
        t1_0.total_seats,
        t1_0.train_number 
    from
        trains t1_0 
    where
        t1_0.id=?
Hibernate: 
    select
        t1_0.id,
        t1_0.arrival_time,
        t1_0.available_seats,
        t1_0.departure_time,
        t1_0.end_station,
        t1_0.price,
        t1_0.start_station,
        t1_0.total_seats,
        t1_0.train_number 
    from
        trains t1_0 
    where
        t1_0.id=?
Hibernate: 
    select
        t1_0.id,
        t1_0.arrival_time,
        t1_0.available_seats,
        t1_0.departure_time,
        t1_0.end_station,
        t1_0.price,
        t1_0.start_station,
        t1_0.total_seats,
        t1_0.train_number 
    from
        trains t1_0 
    where
        t1_0.id=?
Hibernate: 
    select
        t1_0.id,
        t1_0.arrival_time,
        t1_0.available_seats,
        t1_0.departure_time,
        t1_0.end_station,
        t1_0.price,
        t1_0.start_station,
        t1_0.total_seats,
        t1_0.train_number 
    from
        trains t1_0 
    where
        t1_0.id=?
Hibernate: 
    select
        t1_0.id,
        t1_0.arrival_time,
        t1_0.available_seats,
        t1_0.departure_time,
        t1_0.end_station,
        t1_0.price,
        t1_0.start_station,
        t1_0.total_seats,
        t1_0.train_number 
    from
        trains t1_0 
    where
        t1_0.id=?
Hibernate: 
    select
        t1_0.id,
        t1_0.arrival_time,
        t1_0.available_seats,
        t1_0.departure_time,
        t1_0.end_station,
        t1_0.price,
        t1_0.start_station,
        t1_0.total_seats,
        t1_0.train_number 
    from
        trains t1_0 
    where
        t1_0.id=?
Hibernate: 
    select
        t1_0.id,
        t1_0.arrival_time,
        t1_0.available_seats,
        t1_0.departure_time,
        t1_0.end_station,
        t1_0.price,
        t1_0.start_station,
        t1_0.total_seats,
        t1_0.train_number 
    from
        trains t1_0 
    where
        t1_0.id=?
Hibernate: 
    select
        t1_0.id,
        t1_0.arrival_time,
        t1_0.available_seats,
        t1_0.departure_time,
        t1_0.end_station,
        t1_0.price,
        t1_0.start_station,
        t1_0.total_seats,
        t1_0.train_number 
    from
        trains t1_0 
    where
        t1_0.id=?
Hibernate: 
    select
        t1_0.id,
        t1_0.arrival_time,
        t1_0.available_seats,
        t1_0.departure_time,
        t1_0.end_station,
        t1_0.price,
        t1_0.start_station,
        t1_0.total_seats,
        t1_0.train_number 
    from
        trains t1_0 
    where
        t1_0.id=?
Hibernate: 
    select
        t1_0.id,
        t1_0.arrival_time,
        t1_0.available_seats,
        t1_0.departure_time,
        t1_0.end_station,
        t1_0.price,
        t1_0.start_station,
        t1_0.total_seats,
        t1_0.train_number 
    from
        trains t1_0 
    where
        t1_0.id=?
Hibernate: 
    select
        t1_0.id,
        t1_0.arrival_time,
        t1_0.available_seats,
        t1_0.departure_time,
        t1_0.end_station,
        t1_0.price,
        t1_0.start_station,
        t1_0.total_seats,
        t1_0.train_number 
    from
        trains t1_0 
    where
        t1_0.id=?
Hibernate: 
    select
        t1_0.id,
        t1_0.arrival_time,
        t1_0.available_seats,
        t1_0.departure_time,
        t1_0.end_station,
        t1_0.price,
        t1_0.start_station,
        t1_0.total_seats,
        t1_0.train_number 
    from
        trains t1_0 
    where
        t1_0.id=?
Hibernate: 
    select
        t1_0.id,
        t1_0.arrival_time,
        t1_0.available_seats,
        t1_0.departure_time,
        t1_0.end_station,
        t1_0.price,
        t1_0.start_station,
        t1_0.total_seats,
        t1_0.train_number 
    from
        trains t1_0 
    where
        t1_0.id=?
Hibernate: 
    select
        t1_0.id,
        t1_0.arrival_time,
        t1_0.available_seats,
        t1_0.departure_time,
        t1_0.end_station,
        t1_0.price,
        t1_0.start_station,
        t1_0.total_seats,
        t1_0.train_number 
    from
        trains t1_0 
    where
        t1_0.id=?
Hibernate: 
    select
        t1_0.id,
        t1_0.arrival_time,
        t1_0.available_seats,
        t1_0.departure_time,
        t1_0.end_station,
        t1_0.price,
        t1_0.start_station,
        t1_0.total_seats,
        t1_0.train_number 
    from
        trains t1_0 
    where
        t1_0.id=?
Hibernate: 
    select
        t1_0.id,
        t1_0.arrival_time,
        t1_0.available_seats,
        t1_0.departure_time,
        t1_0.end_station,
        t1_0.price,
        t1_0.start_station,
        t1_0.total_seats,
        t1_0.train_number 
    from
        trains t1_0 
    where
        t1_0.id=?
Hibernate: 
    select
        t1_0.id,
        t1_0.arrival_time,
        t1_0.available_seats,
        t1_0.departure_time,
        t1_0.end_station,
        t1_0.price,
        t1_0.start_station,
        t1_0.total_seats,
        t1_0.train_number 
    from
        trains t1_0 
    where
        t1_0.id=?
Hibernate: 
    select
        t1_0.id,
        t1_0.arrival_time,
        t1_0.available_seats,
        t1_0.departure_time,
        t1_0.end_station,
        t1_0.price,
        t1_0.start_station,
        t1_0.total_seats,
        t1_0.train_number 
    from
        trains t1_0 
    where
        t1_0.id=?
Hibernate: 
    select
        t1_0.id,
        t1_0.arrival_time,
        t1_0.available_seats,
        t1_0.departure_time,
        t1_0.end_station,
        t1_0.price,
        t1_0.start_station,
        t1_0.total_seats,
        t1_0.train_number 
    from
        trains t1_0 
    where
        t1_0.id=?
Hibernate: 
    select
        t1_0.id,
        t1_0.arrival_time,
        t1_0.available_seats,
        t1_0.departure_time,
        t1_0.end_station,
        t1_0.price,
        t1_0.start_station,
        t1_0.total_seats,
        t1_0.train_number 
    from
        trains t1_0 
    where
        t1_0.id=?
Hibernate: 
    select
        p1_0.id,
        p1_0.id_card,
        p1_0.name,
        p1_0.phone,
        p1_0.user_id 
    from
        passengers p1_0 
    where
        p1_0.id=?
Hibernate: 
    select
        p1_0.id,
        p1_0.id_card,
        p1_0.name,
        p1_0.phone,
        p1_0.user_id 
    from
        passengers p1_0 
    where
        p1_0.id=?
Hibernate: 
    select
        p1_0.id,
        p1_0.id_card,
        p1_0.name,
        p1_0.phone,
        p1_0.user_id 
    from
        passengers p1_0 
    where
        p1_0.id=?
Hibernate: 
    select
        p1_0.id,
        p1_0.id_card,
        p1_0.name,
        p1_0.phone,
        p1_0.user_id 
    from
        passengers p1_0 
    where
        p1_0.id=?
Hibernate: 
    select
        o1_0.id,
        o1_0.create_time,
        o1_0.order_no,
        o1_0.passenger_id,
        o1_0.pay_time,
        o1_0.pay_trade_no,
        o1_0.pay_type,
        o1_0.price,
        o1_0.status,
        o1_0.train_id,
        o1_0.user_id 
    from
        orders o1_0 
    where
        o1_0.id=?
Hibernate: 
    delete 
    from
        orders 
    where
        id=?
Hibernate: 
    select
        o1_0.id,
        o1_0.create_time,
        o1_0.order_no,
        o1_0.passenger_id,
        o1_0.pay_time,
        o1_0.pay_trade_no,
        o1_0.pay_type,
        o1_0.price,
        o1_0.status,
        o1_0.train_id,
        o1_0.user_id 
    from
        orders o1_0
Hibernate: 
    select
        t1_0.id,
        t1_0.arrival_time,
        t1_0.available_seats,
        t1_0.departure_time,
        t1_0.end_station,
        t1_0.price,
        t1_0.start_station,
        t1_0.total_seats,
        t1_0.train_number 
    from
        trains t1_0 
    where
        t1_0.id=?
Hibernate: 
    select
        t1_0.id,
        t1_0.arrival_time,
        t1_0.available_seats,
        t1_0.departure_time,
        t1_0.end_station,
        t1_0.price,
        t1_0.start_station,
        t1_0.total_seats,
        t1_0.train_number 
    from
        trains t1_0 
    where
        t1_0.id=?
Hibernate: 
    select
        t1_0.id,
        t1_0.arrival_time,
        t1_0.available_seats,
        t1_0.departure_time,
        t1_0.end_station,
        t1_0.price,
        t1_0.start_station,
        t1_0.total_seats,
        t1_0.train_number 
    from
        trains t1_0 
    where
        t1_0.id=?
Hibernate: 
    select
        t1_0.id,
        t1_0.arrival_time,
        t1_0.available_seats,
        t1_0.departure_time,
        t1_0.end_station,
        t1_0.price,
        t1_0.start_station,
        t1_0.total_seats,
        t1_0.train_number 
    from
        trains t1_0 
    where
        t1_0.id=?
Hibernate: 
    select
        t1_0.id,
        t1_0.arrival_time,
        t1_0.available_seats,
        t1_0.departure_time,
        t1_0.end_station,
        t1_0.price,
        t1_0.start_station,
        t1_0.total_seats,
        t1_0.train_number 
    from
        trains t1_0 
    where
        t1_0.id=?
Hibernate: 
    select
        t1_0.id,
        t1_0.arrival_time,
        t1_0.available_seats,
        t1_0.departure_time,
        t1_0.end_station,
        t1_0.price,
        t1_0.start_station,
        t1_0.total_seats,
        t1_0.train_number 
    from
        trains t1_0 
    where
        t1_0.id=?
Hibernate: 
    select
        t1_0.id,
        t1_0.arrival_time,
        t1_0.available_seats,
        t1_0.departure_time,
        t1_0.end_station,
        t1_0.price,
        t1_0.start_station,
        t1_0.total_seats,
        t1_0.train_number 
    from
        trains t1_0 
    where
        t1_0.id=?
Hibernate: 
    select
        t1_0.id,
        t1_0.arrival_time,
        t1_0.available_seats,
        t1_0.departure_time,
        t1_0.end_station,
        t1_0.price,
        t1_0.start_station,
        t1_0.total_seats,
        t1_0.train_number 
    from
        trains t1_0 
    where
        t1_0.id=?
Hibernate: 
    select
        t1_0.id,
        t1_0.arrival_time,
        t1_0.available_seats,
        t1_0.departure_time,
        t1_0.end_station,
        t1_0.price,
        t1_0.start_station,
        t1_0.total_seats,
        t1_0.train_number 
    from
        trains t1_0 
    where
        t1_0.id=?
Hibernate: 
    select
        t1_0.id,
        t1_0.arrival_time,
        t1_0.available_seats,
        t1_0.departure_time,
        t1_0.end_station,
        t1_0.price,
        t1_0.start_station,
        t1_0.total_seats,
        t1_0.train_number 
    from
        trains t1_0 
    where
        t1_0.id=?
Hibernate: 
    select
        t1_0.id,
        t1_0.arrival_time,
        t1_0.available_seats,
        t1_0.departure_time,
        t1_0.end_station,
        t1_0.price,
        t1_0.start_station,
        t1_0.total_seats,
        t1_0.train_number 
    from
        trains t1_0 
    where
        t1_0.id=?
Hibernate: 
    select
        t1_0.id,
        t1_0.arrival_time,
        t1_0.available_seats,
        t1_0.departure_time,
        t1_0.end_station,
        t1_0.price,
        t1_0.start_station,
        t1_0.total_seats,
        t1_0.train_number 
    from
        trains t1_0 
    where
        t1_0.id=?
Hibernate: 
    select
        t1_0.id,
        t1_0.arrival_time,
        t1_0.available_seats,
        t1_0.departure_time,
        t1_0.end_station,
        t1_0.price,
        t1_0.start_station,
        t1_0.total_seats,
        t1_0.train_number 
    from
        trains t1_0 
    where
        t1_0.id=?
Hibernate: 
    select
        t1_0.id,
        t1_0.arrival_time,
        t1_0.available_seats,
        t1_0.departure_time,
        t1_0.end_station,
        t1_0.price,
        t1_0.start_station,
        t1_0.total_seats,
        t1_0.train_number 
    from
        trains t1_0 
    where
        t1_0.id=?
Hibernate: 
    select
        t1_0.id,
        t1_0.arrival_time,
        t1_0.available_seats,
        t1_0.departure_time,
        t1_0.end_station,
        t1_0.price,
        t1_0.start_station,
        t1_0.total_seats,
        t1_0.train_number 
    from
        trains t1_0 
    where
        t1_0.id=?
Hibernate: 
    select
        t1_0.id,
        t1_0.arrival_time,
        t1_0.available_seats,
        t1_0.departure_time,
        t1_0.end_station,
        t1_0.price,
        t1_0.start_station,
        t1_0.total_seats,
        t1_0.train_number 
    from
        trains t1_0 
    where
        t1_0.id=?
Hibernate: 
    select
        t1_0.id,
        t1_0.arrival_time,
        t1_0.available_seats,
        t1_0.departure_time,
        t1_0.end_station,
        t1_0.price,
        t1_0.start_station,
        t1_0.total_seats,
        t1_0.train_number 
    from
        trains t1_0 
    where
        t1_0.id=?
Hibernate: 
    select
        t1_0.id,
        t1_0.arrival_time,
        t1_0.available_seats,
        t1_0.departure_time,
        t1_0.end_station,
        t1_0.price,
        t1_0.start_station,
        t1_0.total_seats,
        t1_0.train_number 
    from
        trains t1_0 
    where
        t1_0.id=?
Hibernate: 
    select
        t1_0.id,
        t1_0.arrival_time,
        t1_0.available_seats,
        t1_0.departure_time,
        t1_0.end_station,
        t1_0.price,
        t1_0.start_station,
        t1_0.total_seats,
        t1_0.train_number 
    from
        trains t1_0 
    where
        t1_0.id=?
Hibernate: 
    select
        t1_0.id,
        t1_0.arrival_time,
        t1_0.available_seats,
        t1_0.departure_time,
        t1_0.end_station,
        t1_0.price,
        t1_0.start_station,
        t1_0.total_seats,
        t1_0.train_number 
    from
        trains t1_0 
    where
        t1_0.id=?
Hibernate: 
    select
        p1_0.id,
        p1_0.id_card,
        p1_0.name,
        p1_0.phone,
        p1_0.user_id 
    from
        passengers p1_0 
    where
        p1_0.id=?
Hibernate: 
    select
        p1_0.id,
        p1_0.id_card,
        p1_0.name,
        p1_0.phone,
        p1_0.user_id 
    from
        passengers p1_0 
    where
        p1_0.id=?
Hibernate: 
    select
        t1_0.id,
        t1_0.arrival_time,
        t1_0.available_seats,
        t1_0.departure_time,
        t1_0.end_station,
        t1_0.price,
        t1_0.start_station,
        t1_0.total_seats,
        t1_0.train_number 
    from
        trains t1_0 
    where
        t1_0.id=?
Hibernate: 
    select
        p1_0.id,
        p1_0.id_card,
        p1_0.name,
        p1_0.phone,
        p1_0.user_id 
    from
        passengers p1_0 
    where
        p1_0.id=?
Hibernate: 
    select
        t1_0.id,
        t1_0.arrival_time,
        t1_0.available_seats,
        t1_0.departure_time,
        t1_0.end_station,
        t1_0.price,
        t1_0.start_station,
        t1_0.total_seats,
        t1_0.train_number 
    from
        trains t1_0 
    where
        t1_0.id=?
Hibernate: 
    select
        p1_0.id,
        p1_0.id_card,
        p1_0.name,
        p1_0.phone,
        p1_0.user_id 
    from
        passengers p1_0 
    where
        p1_0.id=?
Hibernate: 
    select
        u1_0.id,
        u1_0.create_time,
        u1_0.id_card,
        u1_0.password,
        u1_0.phone,
        u1_0.real_name,
        u1_0.role,
        u1_0.username 
    from
        users u1_0
Hibernate: 
    select
        count(*) 
    from
        trains t1_0
Hibernate: 
    select
        count(*) 
    from
        users u1_0
Hibernate: 
    select
        count(*) 
    from
        orders o1_0
Hibernate: 
    select
        o1_0.id,
        o1_0.create_time,
        o1_0.order_no,
        o1_0.passenger_id,
        o1_0.pay_time,
        o1_0.pay_trade_no,
        o1_0.pay_type,
        o1_0.price,
        o1_0.status,
        o1_0.train_id,
        o1_0.user_id 
    from
        orders o1_0
[INFO] ------------------------------------------------------------------------
[INFO] BUILD FAILURE
[INFO] ------------------------------------------------------------------------
[INFO] Total time:  03:41 h
[INFO] Finished at: 2026-06-12T19:48:18+08:00
[INFO] ------------------------------------------------------------------------
[ERROR] Failed to execute goal org.springframework.boot:spring-boot-maven-plugin:4.0.6:run (default-cli) on project demo: Process terminated with exit code: 1073807364 -> [Help 1]
[ERROR] 
[ERROR] To see the full stack trace of the errors, re-run Maven with the -e switch.
[ERROR] Re-run Maven using the -X switch to enable full debug logging.
[ERROR] 
[ERROR] For more information about the errors and possible solutions, please read the following articles:
[ERROR] [Help 1] http://cwiki.apache.org/confluence/display/MAVEN/MojoExecutionException
